[209月2026 21:37:26.774] [main/INFO] [net.neoforged.fml.startup.Entrypoint/]: JVM Uptime at startup: 336ms
[209月2026 21:37:26.791] [main/INFO] [net.neoforged.fml.loading.FMLLoader/]: Starting FancyModLoader version 11.0.15 (CLIENT in DEV)
[209月2026 21:37:26.792] [main/INFO] [net.neoforged.fml.loading.FMLLoader/]: Game directory: C:\Users\32254\Documents\GitHub\twtdlcore26.1.2\run
[209月2026 21:37:26.794] [main/DEBUG] [net.neoforged.fml.loading.FMLPaths/CORE]: Path GAMEDIR is C:\Users\32254\Documents\GitHub\twtdlcore26.1.2\run
[209月2026 21:37:26.802] [main/DEBUG] [net.neoforged.fml.loading.FMLPaths/CORE]: Path JIJ_CACHEDIR is C:\Users\32254\Documents\GitHub\twtdlcore26.1.2\run\.cache\jij
[209月2026 21:37:26.802] [main/DEBUG] [net.neoforged.fml.loading.FMLPaths/CORE]: Path MODSDIR is C:\Users\32254\Documents\GitHub\twtdlcore26.1.2\run\mods
[209月2026 21:37:26.803] [main/DEBUG] [net.neoforged.fml.loading.FMLPaths/CORE]: Path CONFIGDIR is C:\Users\32254\Documents\GitHub\twtdlcore26.1.2\run\config
[209月2026 21:37:26.803] [main/DEBUG] [net.neoforged.fml.loading.FMLPaths/CORE]: Path FMLCONFIG is C:\Users\32254\Documents\GitHub\twtdlcore26.1.2\run\config\fml.toml
[209月2026 21:37:26.866] [ForkJoinPool.commonPool-worker-12/DEBUG] [net.neoforged.fml.loading.EarlyServiceDiscovery/]: C:\Users\32254\.gradle\caches\modules-2\files-2.1\net.neoforged.fancymodloader\earlydisplay\11.0.15\b254aa4ec40828f8ce65411dcb7fb9f6ce008064\earlydisplay-11.0.15.jar contains early service net.neoforged.neoforgespi.earlywindow.ImmediateWindowProvider
[209月2026 21:37:26.866] [ForkJoinPool.commonPool-worker-1/DEBUG] [net.neoforged.fml.loading.EarlyServiceDiscovery/]: C:\Users\32254\.gradle\caches\modules-2\files-2.1\net.neoforged.fancymodloader\loader\11.0.15\69ddd98736a6b095783523404d1af8992842722\loader-11.0.15.jar contains early service net.neoforged.neoforgespi.locating.IDependencyLocator
[209月2026 21:37:26.876] [ForkJoinPool.commonPool-worker-1/DEBUG] [net.neoforged.fml.loading.moddiscovery.ModFile/LOADING]: Loading mod file C:\Users\32254\.gradle\caches\modules-2\files-2.1\net.neoforged.fancymodloader\loader\11.0.15\69ddd98736a6b095783523404d1af8992842722\loader-11.0.15.jar with languages []
[209月2026 21:37:26.876] [ForkJoinPool.commonPool-worker-12/DEBUG] [net.neoforged.fml.loading.moddiscovery.ModFile/LOADING]: Loading mod file C:\Users\32254\.gradle\caches\modules-2\files-2.1\net.neoforged.fancymodloader\earlydisplay\11.0.15\b254aa4ec40828f8ce65411dcb7fb9f6ce008064\earlydisplay-11.0.15.jar with languages []
[209月2026 21:37:26.879] [main/INFO] [net.neoforged.fml.loading.EarlyServiceDiscovery/]: Found 2 early service jars (out of 126) in 42ms
[209月2026 21:37:26.879] [main/INFO] [net.neoforged.fml.loading.FMLLoader/]: Loading FML Early Services:
[209月2026 21:37:26.881] [main/INFO] [net.neoforged.fml.loading.FMLLoader/]:  - C:/Users/32254/.gradle/caches/modules-2/files-2.1/net.neoforged.fancymodloader/loader/11.0.15/69ddd98736a6b095783523404d1af8992842722/loader-11.0.15.jar
[209月2026 21:37:26.882] [main/INFO] [net.neoforged.fml.loading.FMLLoader/]:  - C:/Users/32254/.gradle/caches/modules-2/files-2.1/net.neoforged.fancymodloader/earlydisplay/11.0.15/b254aa4ec40828f8ce65411dcb7fb9f6ce008064/earlydisplay-11.0.15.jar
[209月2026 21:37:26.887] [main/DEBUG] [net.neoforged.fml.util.ServiceLoaderUtil/CORE]: Found 0 implementations of GraphicsBootstrapper:
[209月2026 21:37:26.887] [main/INFO] [net.neoforged.fml.loading.ImmediateWindowHandler/]: Loading ImmediateWindowProvider fmlearlywindow
[209月2026 21:37:26.894] [main/DEBUG] [net.neoforged.fml.util.ServiceLoaderUtil/CORE]: Found 1 implementations of ImmediateWindowProvider:
[209月2026 21:37:26.894] [main/DEBUG] [net.neoforged.fml.util.ServiceLoaderUtil/CORE]: 	net.neoforged.fml.earlydisplay.DisplayWindow from C:/Users/32254/.gradle/caches/modules-2/files-2.1/net.neoforged.fancymodloader/earlydisplay/11.0.15/b254aa4ec40828f8ce65411dcb7fb9f6ce008064/earlydisplay-11.0.15.jar
[209月2026 21:37:26.950] [main/DEBUG] [net.neoforged.fml.earlydisplay.theme.ThemeLoader/]: Loading built-in theme default
[209月2026 21:37:27.533] [ForkJoinPool.commonPool-worker-10/DEBUG] [net.neoforged.fml.util.ServiceLoaderUtil/CORE]: Found 4 implementations of IModFileCandidateLocator:
[209月2026 21:37:27.534] [ForkJoinPool.commonPool-worker-10/DEBUG] [net.neoforged.fml.util.ServiceLoaderUtil/CORE]: 	    1000 - [built-in] net.neoforged.fml.loading.moddiscovery.locators.GameLocator from C:/Users/32254/.gradle/caches/modules-2/files-2.1/net.neoforged.fancymodloader/loader/11.0.15/69ddd98736a6b095783523404d1af8992842722/loader-11.0.15.jar
[209月2026 21:37:27.535] [ForkJoinPool.commonPool-worker-10/DEBUG] [net.neoforged.fml.util.ServiceLoaderUtil/CORE]: 	    1000 - [built-in] net.neoforged.fml.loading.moddiscovery.locators.InDevFolderLocator from C:/Users/32254/.gradle/caches/modules-2/files-2.1/net.neoforged.fancymodloader/loader/11.0.15/69ddd98736a6b095783523404d1af8992842722/loader-11.0.15.jar
[209月2026 21:37:27.535] [ForkJoinPool.commonPool-worker-10/DEBUG] [net.neoforged.fml.util.ServiceLoaderUtil/CORE]: 	    1000 - [built-in] net.neoforged.fml.loading.moddiscovery.locators.InDevJarLocator from C:/Users/32254/.gradle/caches/modules-2/files-2.1/net.neoforged.fancymodloader/loader/11.0.15/69ddd98736a6b095783523404d1af8992842722/loader-11.0.15.jar
[209月2026 21:37:27.536] [ForkJoinPool.commonPool-worker-10/DEBUG] [net.neoforged.fml.util.ServiceLoaderUtil/CORE]: 	       0 - [built-in] net.neoforged.fml.loading.moddiscovery.locators.ModsFolderLocator from C:/Users/32254/.gradle/caches/modules-2/files-2.1/net.neoforged.fancymodloader/loader/11.0.15/69ddd98736a6b095783523404d1af8992842722/loader-11.0.15.jar
[209月2026 21:37:27.539] [ForkJoinPool.commonPool-worker-10/DEBUG] [net.neoforged.fml.util.ServiceLoaderUtil/CORE]: Found 2 implementations of IModFileReader:
[209月2026 21:37:27.540] [ForkJoinPool.commonPool-worker-10/DEBUG] [net.neoforged.fml.util.ServiceLoaderUtil/CORE]: 	       0 - net.neoforged.fml.loading.moddiscovery.readers.JarModsDotTomlModFileReader from C:/Users/32254/.gradle/caches/modules-2/files-2.1/net.neoforged.fancymodloader/loader/11.0.15/69ddd98736a6b095783523404d1af8992842722/loader-11.0.15.jar
[209月2026 21:37:27.541] [ForkJoinPool.commonPool-worker-10/DEBUG] [net.neoforged.fml.util.ServiceLoaderUtil/CORE]: 	   -1000 - net.neoforged.fml.loading.moddiscovery.readers.NestedLibraryModReader from C:/Users/32254/.gradle/caches/modules-2/files-2.1/net.neoforged.fancymodloader/loader/11.0.15/69ddd98736a6b095783523404d1af8992842722/loader-11.0.15.jar
[209月2026 21:37:27.544] [ForkJoinPool.commonPool-worker-10/DEBUG] [net.neoforged.fml.util.ServiceLoaderUtil/CORE]: Found 1 implementations of IDependencyLocator:
[209月2026 21:37:27.545] [ForkJoinPool.commonPool-worker-10/DEBUG] [net.neoforged.fml.util.ServiceLoaderUtil/CORE]: 	       0 - net.neoforged.fml.loading.moddiscovery.locators.JarInJarDependencyLocator from C:/Users/32254/.gradle/caches/modules-2/files-2.1/net.neoforged.fancymodloader/loader/11.0.15/69ddd98736a6b095783523404d1af8992842722/loader-11.0.15.jar
[209月2026 21:37:27.582] [ForkJoinPool.commonPool-worker-10/DEBUG] [net.neoforged.fml.loading.moddiscovery.locators.RequiredSystemFiles/]: Found NeoForge MANIFEST.MF in jar(C:/Users/32254/.gradle/caches/modules-2/files-2.1/net.neoforged/neoforge/26.1.2.109/e379d9f1f45c052061fa6024a5959ad726771408/neoforge-26.1.2.109-universal.jar)
[209月2026 21:37:27.583] [ForkJoinPool.commonPool-worker-10/INFO] [net.neoforged.fml.loading.moddiscovery.locators.GameLocator/]: Detected a joined NeoForge and Minecraft configuration. Applying filtering...
[209月2026 21:37:27.675] [ForkJoinPool.commonPool-worker-10/DEBUG] [net.neoforged.fml.loading.moddiscovery.ModFileInfo/LOADING]: Found valid mod file minecraft-patched-26.1.2.109.jar with {minecraft} mods - versions {26.1.2}
[209月2026 21:37:27.677] [ForkJoinPool.commonPool-worker-10/DEBUG] [net.neoforged.fml.loading.moddiscovery.ModFile/LOADING]: Loading mod file C:\Users\32254\Documents\GitHub\twtdlcore26.1.2\build\moddev\artifacts\minecraft-patched-26.1.2.109.jar with languages [LanguageSpec[languageName=minecraft, acceptedVersions=1]]
[209月2026 21:37:27.679] [ForkJoinPool.commonPool-worker-10/DEBUG] [net.neoforged.fml.loading.moddiscovery.ModFileParser/LOADING]: Considering mod file candidate C:\Users\32254\.gradle\caches\modules-2\files-2.1\net.neoforged\neoforge\26.1.2.109\e379d9f1f45c052061fa6024a5959ad726771408\neoforge-26.1.2.109-universal.jar
[209月2026 21:37:27.683] [fml-loadingscreen/INFO] [net.neoforged.fml.earlydisplay.render.LoadingScreenRenderer/]: GL info: NVIDIA GeForce RTX 3050 Laptop GPU/PCIe/SSE2 GL version 3.3.0 NVIDIA 610.47, NVIDIA Corporation
[209月2026 21:37:27.696] [ForkJoinPool.commonPool-worker-10/DEBUG] [net.neoforged.fml.loading.moddiscovery.ModFileInfo/LOADING]: Found valid mod file neoforge-26.1.2.109-universal.jar with {neoforge} mods - versions {26.1.2.109}
[209月2026 21:37:27.697] [ForkJoinPool.commonPool-worker-10/DEBUG] [net.neoforged.fml.loading.moddiscovery.ModFile/LOADING]: Loading mod file C:\Users\32254\.gradle\caches\modules-2\files-2.1\net.neoforged\neoforge\26.1.2.109\e379d9f1f45c052061fa6024a5959ad726771408\neoforge-26.1.2.109-universal.jar with languages [LanguageSpec[languageName=javafml, acceptedVersions=[3,]]]
[209月2026 21:37:27.699] [ForkJoinPool.commonPool-worker-10/DEBUG] [net.neoforged.fml.loading.moddiscovery.ModFile/LOADING]: Found mixin config MixinConfig[config=neoforge.mixins.json, requiredMods=[], behaviorVersion=null]
[209月2026 21:37:27.701] [ForkJoinPool.commonPool-worker-10/INFO] [net.neoforged.fml.loading.moddiscovery.locators.InDevFolderLocator/CORE]: Got mod coordinates twtdlcore%%C:\Users\32254\Documents\GitHub\twtdlcore26.1.2\build\classes\java\main;twtdlcore%%C:\Users\32254\Documents\GitHub\twtdlcore26.1.2\build\resources\main from env
[209月2026 21:37:27.711] [ForkJoinPool.commonPool-worker-10/DEBUG] [net.neoforged.fml.loading.moddiscovery.ModFileParser/LOADING]: Considering mod file candidate C:\Users\32254\Documents\GitHub\twtdlcore26.1.2\build\classes\java\main
[209月2026 21:37:27.721] [ForkJoinPool.commonPool-worker-10/DEBUG] [net.neoforged.fml.loading.moddiscovery.ModFileInfo/LOADING]: Found valid mod file main with {twtdlcore} mods - versions {1.0.0}
[209月2026 21:37:27.721] [ForkJoinPool.commonPool-worker-10/DEBUG] [net.neoforged.fml.loading.moddiscovery.ModFile/LOADING]: Loading mod file C:\Users\32254\Documents\GitHub\twtdlcore26.1.2\build\classes\java\main with languages [LanguageSpec[languageName=null, acceptedVersions=null]]
[209月2026 21:37:27.726] [ForkJoinPool.commonPool-worker-10/DEBUG] [net.neoforged.fml.loading.moddiscovery.ModDiscoverer/]: Skipping C:\Users\32254\Documents\GitHub\twtdlcore26.1.2\build\moddev\artifacts\minecraft-patched-26.1.2.109.jar because it was already located earlier
[209月2026 21:37:27.727] [ForkJoinPool.commonPool-worker-10/DEBUG] [net.neoforged.fml.loading.moddiscovery.ModFileParser/LOADING]: Considering mod file candidate C:\Users\32254\.gradle\caches\modules-2\files-2.1\cn.howxu\ModularMachinery-Community-Refoxed\0.0.2+efa2122d\a078177b07a58716e9c7e1efae552460f71c8e89\ModularMachinery-Community-Refoxed-0.0.2+efa2122d.jar
[209月2026 21:37:27.730] [ForkJoinPool.commonPool-worker-10/DEBUG] [net.neoforged.fml.loading.moddiscovery.ModFileInfo/LOADING]: Found valid mod file ModularMachinery-Community-Refoxed-0.0.2+efa2122d.jar with {mmcr} mods - versions {0.0.2+efa2122d}
[209月2026 21:37:27.730] [ForkJoinPool.commonPool-worker-10/DEBUG] [net.neoforged.fml.loading.moddiscovery.ModFile/LOADING]: Loading mod file C:\Users\32254\.gradle\caches\modules-2\files-2.1\cn.howxu\ModularMachinery-Community-Refoxed\0.0.2+efa2122d\a078177b07a58716e9c7e1efae552460f71c8e89\ModularMachinery-Community-Refoxed-0.0.2+efa2122d.jar with languages [LanguageSpec[languageName=null, acceptedVersions=null]]
[209月2026 21:37:27.730] [ForkJoinPool.commonPool-worker-10/DEBUG] [net.neoforged.fml.loading.moddiscovery.ModFile/LOADING]: Found mixin config MixinConfig[config=mmcr.mixins.json, requiredMods=[], behaviorVersion=null]
[209月2026 21:37:27.731] [ForkJoinPool.commonPool-worker-10/DEBUG] [net.neoforged.fml.loading.moddiscovery.ModFile/LOADING]: Found mixin config MixinConfig[config=mmcr.jei.mixins.json, requiredMods=[jei], behaviorVersion=null]
[209月2026 21:37:27.731] [ForkJoinPool.commonPool-worker-10/DEBUG] [net.neoforged.fml.loading.moddiscovery.ModFile/LOADING]: Found mixin config MixinConfig[config=mmcr.kubejs.mixins.json, requiredMods=[kubejs], behaviorVersion=null]
[209月2026 21:37:27.732] [ForkJoinPool.commonPool-worker-10/DEBUG] [net.neoforged.fml.loading.moddiscovery.ModFileParser/LOADING]: Considering mod file candidate C:\Users\32254\.gradle\caches\modules-2\files-2.1\curse.maven\jade-324717\8651070\9bd6f50f88688a2d524763d2362505e412785fc1\jade-324717-8651070.jar
[209月2026 21:37:27.742] [ForkJoinPool.commonPool-worker-10/DEBUG] [net.neoforged.fml.loading.moddiscovery.ModFileInfo/LOADING]: Found valid mod file jade-324717-8651070.jar with {jade} mods - versions {26.1.10+neoforge}
[209月2026 21:37:27.742] [ForkJoinPool.commonPool-worker-10/DEBUG] [net.neoforged.fml.loading.moddiscovery.ModFile/LOADING]: Loading mod file C:\Users\32254\.gradle\caches\modules-2\files-2.1\curse.maven\jade-324717\8651070\9bd6f50f88688a2d524763d2362505e412785fc1\jade-324717-8651070.jar with languages [LanguageSpec[languageName=javafml, acceptedVersions=*]]
[209月2026 21:37:27.742] [ForkJoinPool.commonPool-worker-10/DEBUG] [net.neoforged.fml.loading.moddiscovery.ModFile/LOADING]: Found mixin config MixinConfig[config=jade.mixins.json, requiredMods=[], behaviorVersion=null]
[209月2026 21:37:27.744] [ForkJoinPool.commonPool-worker-10/DEBUG] [net.neoforged.fml.loading.moddiscovery.ModFileParser/LOADING]: Considering mod file candidate C:\Users\32254\.gradle\caches\modules-2\files-2.1\curse.maven\jei-238222\8837431\81418c43398058f90989a128e9ab37f597dffa91\jei-238222-8837431.jar
[209月2026 21:37:27.746] [ForkJoinPool.commonPool-worker-10/DEBUG] [net.neoforged.fml.loading.moddiscovery.ModFileInfo/LOADING]: Found valid mod file jei-238222-8837431.jar with {jei} mods - versions {29.37.0.98}
[209月2026 21:37:27.746] [ForkJoinPool.commonPool-worker-10/DEBUG] [net.neoforged.fml.loading.moddiscovery.ModFile/LOADING]: Loading mod file C:\Users\32254\.gradle\caches\modules-2\files-2.1\curse.maven\jei-238222\8837431\81418c43398058f90989a128e9ab37f597dffa91\jei-238222-8837431.jar with languages [LanguageSpec[languageName=javafml, acceptedVersions=[4,)]]
[209月2026 21:37:27.747] [ForkJoinPool.commonPool-worker-10/DEBUG] [net.neoforged.fml.loading.moddiscovery.ModFileParser/LOADING]: Considering mod file candidate C:\Users\32254\.gradle\caches\modules-2\files-2.1\curse.maven\registrylib-1486427\8525072\65d785e973f770b1e7ecf7958cf50c028429c9b1\registrylib-1486427-8525072.jar
[209月2026 21:37:27.749] [ForkJoinPool.commonPool-worker-10/DEBUG] [net.neoforged.fml.loading.moddiscovery.ModFileInfo/LOADING]: Found valid mod file registrylib-1486427-8525072.jar with {registrylib} mods - versions {8.0.15}
[209月2026 21:37:27.749] [ForkJoinPool.commonPool-worker-10/DEBUG] [net.neoforged.fml.loading.moddiscovery.ModFile/LOADING]: Loading mod file C:\Users\32254\.gradle\caches\modules-2\files-2.1\curse.maven\registrylib-1486427\8525072\65d785e973f770b1e7ecf7958cf50c028429c9b1\registrylib-1486427-8525072.jar with languages [LanguageSpec[languageName=javafml, acceptedVersions=[1,)]]
[209月2026 21:37:27.750] [ForkJoinPool.commonPool-worker-10/DEBUG] [net.neoforged.fml.loading.moddiscovery.ModFileParser/LOADING]: Considering mod file candidate C:\Users\32254\.gradle\caches\modules-2\files-2.1\curse.maven\applied-energistics-2-223794\8257570\a4803b04e885c698eff0236cb8faeb8abc33f216\applied-energistics-2-223794-8257570.jar
[209月2026 21:37:27.751] [ForkJoinPool.commonPool-worker-10/DEBUG] [net.neoforged.fml.loading.moddiscovery.ModFileInfo/LOADING]: Found valid mod file applied-energistics-2-223794-8257570.jar with {ae2} mods - versions {26.1.10-beta}
[209月2026 21:37:27.751] [ForkJoinPool.commonPool-worker-10/DEBUG] [net.neoforged.fml.loading.moddiscovery.ModFile/LOADING]: Loading mod file C:\Users\32254\.gradle\caches\modules-2\files-2.1\curse.maven\applied-energistics-2-223794\8257570\a4803b04e885c698eff0236cb8faeb8abc33f216\applied-energistics-2-223794-8257570.jar with languages [LanguageSpec[languageName=javafml, acceptedVersions=[1,)]]
[209月2026 21:37:27.752] [ForkJoinPool.commonPool-worker-10/DEBUG] [net.neoforged.fml.loading.moddiscovery.ModFile/LOADING]: Found mixin config MixinConfig[config=ae2.mixins.json, requiredMods=[], behaviorVersion=null]
[209月2026 21:37:27.753] [ForkJoinPool.commonPool-worker-10/DEBUG] [net.neoforged.fml.loading.moddiscovery.ModFileParser/LOADING]: Considering mod file candidate C:\Users\32254\.gradle\caches\modules-2\files-2.1\curse.maven\ctm-lib-1568397\8876523\bf213aaa9ebfa95b21546985810b016ce20ef5a8\ctm-lib-1568397-8876523.jar
[209月2026 21:37:27.753] [ForkJoinPool.commonPool-worker-10/DEBUG] [net.neoforged.fml.loading.moddiscovery.ModFileInfo/LOADING]: Found valid mod file ctm-lib-1568397-8876523.jar with {ctm} mods - versions {26.1.2.9}
[209月2026 21:37:27.754] [ForkJoinPool.commonPool-worker-10/DEBUG] [net.neoforged.fml.loading.moddiscovery.ModFile/LOADING]: Loading mod file C:\Users\32254\.gradle\caches\modules-2\files-2.1\curse.maven\ctm-lib-1568397\8876523\bf213aaa9ebfa95b21546985810b016ce20ef5a8\ctm-lib-1568397-8876523.jar with languages [LanguageSpec[languageName=null, acceptedVersions=null]]
[209月2026 21:37:27.754] [ForkJoinPool.commonPool-worker-10/DEBUG] [net.neoforged.fml.loading.moddiscovery.ModDiscoverer/]: Skipping C:\Users\32254\.gradle\caches\modules-2\files-2.1\net.neoforged\neoforge\26.1.2.109\e379d9f1f45c052061fa6024a5959ad726771408\neoforge-26.1.2.109-universal.jar because it was already located earlier
[209月2026 21:37:27.756] [ForkJoinPool.commonPool-worker-10/DEBUG] [net.neoforged.fml.loading.moddiscovery.ModFileParser/LOADING]: Considering mod file candidate C:\Users\32254\.gradle\caches\modules-2\files-2.1\org.appliedenergistics\appliedenergistics2\26.1.11-SNAPSHOT\e7829e91bc1c1102b47564f97311b12ef6c0b7d3\appliedenergistics2-26.1.11-SNAPSHOT.jar
[209月2026 21:37:27.757] [ForkJoinPool.commonPool-worker-10/DEBUG] [net.neoforged.fml.loading.moddiscovery.ModFileInfo/LOADING]: Found valid mod file appliedenergistics2-26.1.11-SNAPSHOT.jar with {ae2} mods - versions {26.1.11-SNAPSHOT}
[209月2026 21:37:27.758] [ForkJoinPool.commonPool-worker-10/DEBUG] [net.neoforged.fml.loading.moddiscovery.ModFile/LOADING]: Loading mod file C:\Users\32254\.gradle\caches\modules-2\files-2.1\org.appliedenergistics\appliedenergistics2\26.1.11-SNAPSHOT\e7829e91bc1c1102b47564f97311b12ef6c0b7d3\appliedenergistics2-26.1.11-SNAPSHOT.jar with languages [LanguageSpec[languageName=javafml, acceptedVersions=[1,)]]
[209月2026 21:37:27.758] [ForkJoinPool.commonPool-worker-10/DEBUG] [net.neoforged.fml.loading.moddiscovery.ModFile/LOADING]: Found mixin config MixinConfig[config=ae2.mixins.json, requiredMods=[], behaviorVersion=null]
[209月2026 21:37:27.759] [ForkJoinPool.commonPool-worker-10/DEBUG] [net.neoforged.fml.loading.moddiscovery.ModFileParser/LOADING]: Considering mod file candidate C:\Users\32254\.gradle\caches\modules-2\files-2.1\org.appliedenergistics\guideme\26.1.11-beta\c2281931e1a8f18ad5f9aa4d7b7df3ecbc5a1800\guideme-26.1.11-beta.jar
[209月2026 21:37:27.760] [ForkJoinPool.commonPool-worker-10/DEBUG] [net.neoforged.fml.loading.moddiscovery.ModFileInfo/LOADING]: Found valid mod file guideme-26.1.11-beta.jar with {guideme} mods - versions {26.1.11-beta}
[209月2026 21:37:27.760] [ForkJoinPool.commonPool-worker-10/DEBUG] [net.neoforged.fml.loading.moddiscovery.ModFile/LOADING]: Loading mod file C:\Users\32254\.gradle\caches\modules-2\files-2.1\org.appliedenergistics\guideme\26.1.11-beta\c2281931e1a8f18ad5f9aa4d7b7df3ecbc5a1800\guideme-26.1.11-beta.jar with languages [LanguageSpec[languageName=javafml, acceptedVersions=*]]
[209月2026 21:37:27.760] [ForkJoinPool.commonPool-worker-10/DEBUG] [net.neoforged.fml.loading.moddiscovery.ModFile/LOADING]: Found mixin config MixinConfig[config=guideme.mixins.json, requiredMods=[], behaviorVersion=null]
[209月2026 21:37:27.761] [ForkJoinPool.commonPool-worker-10/DEBUG] [net.neoforged.fml.loading.moddiscovery.ModFile/LOADING]: Found mixin config MixinConfig[config=guideme.optional.mixins.json, requiredMods=[], behaviorVersion=null]
[209月2026 21:37:27.762] [ForkJoinPool.commonPool-worker-10/DEBUG] [net.neoforged.fml.loading.moddiscovery.ModFileParser/LOADING]: Considering mod file candidate C:\Users\32254\.gradle\caches\modules-2\files-2.1\dev.latvian.mods\kubejs-neoforge\26.1.2-8.0.4-mmcr\63773a0be1eb7069fd72a1cf344c8c1bae7d463e\kubejs-neoforge-26.1.2-8.0.4-mmcr.jar
[209月2026 21:37:27.763] [ForkJoinPool.commonPool-worker-10/DEBUG] [net.neoforged.fml.loading.moddiscovery.ModFileInfo/LOADING]: Found valid mod file kubejs-neoforge-26.1.2-8.0.4-mmcr.jar with {kubejs} mods - versions {26.1.2-8.0.4-mmcr}
[209月2026 21:37:27.765] [ForkJoinPool.commonPool-worker-10/DEBUG] [net.neoforged.fml.loading.moddiscovery.ModFile/LOADING]: Loading mod file C:\Users\32254\.gradle\caches\modules-2\files-2.1\dev.latvian.mods\kubejs-neoforge\26.1.2-8.0.4-mmcr\63773a0be1eb7069fd72a1cf344c8c1bae7d463e\kubejs-neoforge-26.1.2-8.0.4-mmcr.jar with languages [LanguageSpec[languageName=javafml, acceptedVersions=[2,)]]
[209月2026 21:37:27.765] [ForkJoinPool.commonPool-worker-10/DEBUG] [net.neoforged.fml.loading.moddiscovery.ModFile/LOADING]: Found mixin config MixinConfig[config=kubejs.mixins.json, requiredMods=[], behaviorVersion=null]
[209月2026 21:37:27.766] [ForkJoinPool.commonPool-worker-10/DEBUG] [net.neoforged.fml.loading.moddiscovery.ModFileParser/LOADING]: Considering mod file candidate C:\Users\32254\.gradle\caches\modules-2\files-2.1\curse.maven\rhino-416294\8218748\370598a1d2321c8a705ce539eb970375f20150c3\rhino-416294-8218748.jar
[209月2026 21:37:27.767] [ForkJoinPool.commonPool-worker-10/DEBUG] [net.neoforged.fml.loading.moddiscovery.ModFileInfo/LOADING]: Found valid mod file rhino-416294-8218748.jar with {rhino} mods - versions {2101.2.7-build.85}
[209月2026 21:37:27.767] [ForkJoinPool.commonPool-worker-10/DEBUG] [net.neoforged.fml.loading.moddiscovery.ModFile/LOADING]: Loading mod file C:\Users\32254\.gradle\caches\modules-2\files-2.1\curse.maven\rhino-416294\8218748\370598a1d2321c8a705ce539eb970375f20150c3\rhino-416294-8218748.jar with languages [LanguageSpec[languageName=lowcodefml, acceptedVersions=[2,)]]
[209月2026 21:37:27.768] [ForkJoinPool.commonPool-worker-10/DEBUG] [net.neoforged.fml.loading.moddiscovery.ModFileParser/LOADING]: Considering mod file candidate C:\Users\32254\.gradle\caches\modules-2\files-2.1\curse.maven\guideme-1173950\8204880\d609c5b4617369b2dc781efb149c718d03698740\guideme-1173950-8204880.jar
[209月2026 21:37:27.769] [ForkJoinPool.commonPool-worker-10/DEBUG] [net.neoforged.fml.loading.moddiscovery.ModFileInfo/LOADING]: Found valid mod file guideme-1173950-8204880.jar with {guideme} mods - versions {26.1.12-beta}
[209月2026 21:37:27.769] [ForkJoinPool.commonPool-worker-10/DEBUG] [net.neoforged.fml.loading.moddiscovery.ModFile/LOADING]: Loading mod file C:\Users\32254\.gradle\caches\modules-2\files-2.1\curse.maven\guideme-1173950\8204880\d609c5b4617369b2dc781efb149c718d03698740\guideme-1173950-8204880.jar with languages [LanguageSpec[languageName=javafml, acceptedVersions=*]]
[209月2026 21:37:27.769] [ForkJoinPool.commonPool-worker-10/DEBUG] [net.neoforged.fml.loading.moddiscovery.ModFile/LOADING]: Found mixin config MixinConfig[config=guideme.mixins.json, requiredMods=[], behaviorVersion=null]
[209月2026 21:37:27.769] [ForkJoinPool.commonPool-worker-10/DEBUG] [net.neoforged.fml.loading.moddiscovery.ModFile/LOADING]: Found mixin config MixinConfig[config=guideme.optional.mixins.json, requiredMods=[], behaviorVersion=null]
[209月2026 21:37:27.770] [ForkJoinPool.commonPool-worker-10/DEBUG] [net.neoforged.fml.loading.moddiscovery.ModFileParser/LOADING]: Considering mod file candidate C:\Users\32254\.gradle\caches\modules-2\files-2.1\curse.maven\athena-841890\7970442\2583e9a557cca800efb356a4ca17f5dce96f762a\athena-841890-7970442.jar
[209月2026 21:37:27.772] [ForkJoinPool.commonPool-worker-10/DEBUG] [net.neoforged.fml.loading.moddiscovery.ModFileInfo/LOADING]: Found valid mod file athena-841890-7970442.jar with {athena} mods - versions {4.7.3}
[209月2026 21:37:27.772] [ForkJoinPool.commonPool-worker-10/DEBUG] [net.neoforged.fml.loading.moddiscovery.ModFile/LOADING]: Loading mod file C:\Users\32254\.gradle\caches\modules-2\files-2.1\curse.maven\athena-841890\7970442\2583e9a557cca800efb356a4ca17f5dce96f762a\athena-841890-7970442.jar with languages [LanguageSpec[languageName=javafml, acceptedVersions=[1,)]]
[209月2026 21:37:27.773] [ForkJoinPool.commonPool-worker-10/DEBUG] [net.neoforged.fml.loading.moddiscovery.ModFile/LOADING]: Found mixin config MixinConfig[config=athena.mixins.json, requiredMods=[], behaviorVersion=null]
[209月2026 21:37:27.773] [ForkJoinPool.commonPool-worker-10/DEBUG] [net.neoforged.fml.loading.moddiscovery.ModFile/LOADING]: Found mixin config MixinConfig[config=athena-neoforge.mixins.json, requiredMods=[], behaviorVersion=null]
[209月2026 21:37:27.774] [ForkJoinPool.commonPool-worker-10/DEBUG] [net.neoforged.fml.loading.moddiscovery.ModFileParser/LOADING]: Considering mod file candidate C:\Users\32254\.gradle\caches\modules-2\files-2.1\curse.maven\spark-361579\8275631\c4e339e787aa32949fd56848d26cc7bbfe812ef6\spark-361579-8275631.jar
[209月2026 21:37:27.775] [ForkJoinPool.commonPool-worker-10/DEBUG] [net.neoforged.fml.loading.moddiscovery.ModFileInfo/LOADING]: Found valid mod file spark-361579-8275631.jar with {spark} mods - versions {1.10.173}
[209月2026 21:37:27.775] [ForkJoinPool.commonPool-worker-10/DEBUG] [net.neoforged.fml.loading.moddiscovery.ModFile/LOADING]: Loading mod file C:\Users\32254\.gradle\caches\modules-2\files-2.1\curse.maven\spark-361579\8275631\c4e339e787aa32949fd56848d26cc7bbfe812ef6\spark-361579-8275631.jar with languages [LanguageSpec[languageName=javafml, acceptedVersions=[2,)]]
[209月2026 21:37:27.776] [ForkJoinPool.commonPool-worker-10/DEBUG] [net.neoforged.fml.loading.moddiscovery.ModFileParser/LOADING]: Considering mod file candidate C:\Users\32254\.gradle\caches\modules-2\files-2.1\dev.latvian.mods\better-advanced-tooltips\2601.1.0-local.1786085652\f46eb7d7b1e1d0c200d23f8950f6273a10393213\better-advanced-tooltips-2601.1.0-local.1786085652.jar
[209月2026 21:37:27.777] [ForkJoinPool.commonPool-worker-10/DEBUG] [net.neoforged.fml.loading.moddiscovery.ModFileInfo/LOADING]: Found valid mod file better-advanced-tooltips-2601.1.0-local.1786085652.jar with {betteradvancedtooltips} mods - versions {2601.1.0-local.1786085652}
[209月2026 21:37:27.777] [ForkJoinPool.commonPool-worker-10/DEBUG] [net.neoforged.fml.loading.moddiscovery.ModFile/LOADING]: Loading mod file C:\Users\32254\.gradle\caches\modules-2\files-2.1\dev.latvian.mods\better-advanced-tooltips\2601.1.0-local.1786085652\f46eb7d7b1e1d0c200d23f8950f6273a10393213\better-advanced-tooltips-2601.1.0-local.1786085652.jar with languages [LanguageSpec[languageName=javafml, acceptedVersions=[2,)]]
[209月2026 21:37:27.777] [ForkJoinPool.commonPool-worker-10/DEBUG] [net.neoforged.fml.loading.moddiscovery.ModFile/LOADING]: Found mixin config MixinConfig[config=betteradvancedtooltips.mixins.json, requiredMods=[], behaviorVersion=null]
[209月2026 21:37:27.778] [ForkJoinPool.commonPool-worker-10/DEBUG] [net.neoforged.fml.loading.moddiscovery.ModFileParser/LOADING]: Considering mod file candidate C:\Users\32254\.gradle\caches\modules-2\files-2.1\dev.latvian.mods\rhino\2101.2.8-build.91\56eab1d464ed0811c64040c64bd047df5cbc3aad\rhino-2101.2.8-build.91.jar
[209月2026 21:37:27.779] [ForkJoinPool.commonPool-worker-10/DEBUG] [net.neoforged.fml.loading.moddiscovery.ModFileInfo/LOADING]: Found valid mod file rhino-2101.2.8-build.91.jar with {rhino} mods - versions {2101.2.8-build.91}
[209月2026 21:37:27.779] [ForkJoinPool.commonPool-worker-10/DEBUG] [net.neoforged.fml.loading.moddiscovery.ModFile/LOADING]: Loading mod file C:\Users\32254\.gradle\caches\modules-2\files-2.1\dev.latvian.mods\rhino\2101.2.8-build.91\56eab1d464ed0811c64040c64bd047df5cbc3aad\rhino-2101.2.8-build.91.jar with languages [LanguageSpec[languageName=lowcodefml, acceptedVersions=[2,)]]
[209月2026 21:37:27.877] [ForkJoinPool.commonPool-worker-10/INFO] [net.neoforged.fml.loading.UniqueModListBuilder/]: Found 2 mod files for modid rhino, selecting rhino-2101.2.8-build.91.jar as it is the most recent based on version data:
	2101.2.8-build.91 from rhino-2101.2.8-build.91.jar
	2101.2.7-build.85 from rhino-416294-8218748.jar
[209月2026 21:37:27.878] [ForkJoinPool.commonPool-worker-10/INFO] [net.neoforged.fml.loading.UniqueModListBuilder/]: Found 2 mod files for modid guideme, selecting guideme-1173950-8204880.jar as it is the most recent based on version data:
	26.1.12-beta from guideme-1173950-8204880.jar
	26.1.11-beta from guideme-26.1.11-beta.jar
[209月2026 21:37:27.878] [ForkJoinPool.commonPool-worker-10/INFO] [net.neoforged.fml.loading.UniqueModListBuilder/]: Found 2 mod files for modid ae2, selecting appliedenergistics2-26.1.11-SNAPSHOT.jar as it is the most recent based on version data:
	26.1.11-SNAPSHOT from appliedenergistics2-26.1.11-SNAPSHOT.jar
	26.1.10-beta from applied-energistics-2-223794-8257570.jar
[209月2026 21:37:27.979] [ForkJoinPool.commonPool-worker-10/DEBUG] [net.neoforged.fml.loading.moddiscovery.ModFile/LOADING]: Loading mod file C:\Users\32254\Documents\GitHub\twtdlcore26.1.2\run\.cache\jij\9bae7c1154cec27d65f0ab91e307255789a2c76b73fd3425c211b52c1de3a343\animated-gif-lib-for-java-animated-gif-lib-1.7.jar with languages []
[209月2026 21:37:27.992] [ForkJoinPool.commonPool-worker-10/DEBUG] [net.neoforged.fml.loading.moddiscovery.ModFile/LOADING]: Loading mod file C:\Users\32254\Documents\GitHub\twtdlcore26.1.2\run\.cache\jij\afae8272cf3569d470ee01bead0d2e71f3dbbe90cd777ffdfc1e2a4844247b8a\tiny-java-server-1.0.0-build.45.jar with languages []
[209月2026 21:37:28.002] [ForkJoinPool.commonPool-worker-10/DEBUG] [net.neoforged.fml.loading.moddiscovery.ModFileParser/LOADING]: Considering mod file candidate C:\Users\32254\Documents\GitHub\twtdlcore26.1.2\run\.cache\jij\f88c9190beedca4fd7f7f6e91690b24d212e858e60cbbf29035f20ca15fb3980\better-advanced-tooltips-2601.1.0-local.1786085652.jar
[209月2026 21:37:28.003] [ForkJoinPool.commonPool-worker-10/DEBUG] [net.neoforged.fml.loading.moddiscovery.ModFileInfo/LOADING]: Found valid mod file better-advanced-tooltips-2601.1.0-local.1786085652.jar with {betteradvancedtooltips} mods - versions {2601.1.0-local.1786085652}
[209月2026 21:37:28.004] [ForkJoinPool.commonPool-worker-10/DEBUG] [net.neoforged.fml.loading.moddiscovery.ModFile/LOADING]: Loading mod file C:\Users\32254\Documents\GitHub\twtdlcore26.1.2\run\.cache\jij\f88c9190beedca4fd7f7f6e91690b24d212e858e60cbbf29035f20ca15fb3980\better-advanced-tooltips-2601.1.0-local.1786085652.jar with languages [LanguageSpec[languageName=javafml, acceptedVersions=[2,)]]
[209月2026 21:37:28.004] [ForkJoinPool.commonPool-worker-10/DEBUG] [net.neoforged.fml.loading.moddiscovery.ModFile/LOADING]: Found mixin config MixinConfig[config=betteradvancedtooltips.mixins.json, requiredMods=[], behaviorVersion=null]
[209月2026 21:37:28.025] [ForkJoinPool.commonPool-worker-10/DEBUG] [net.neoforged.fml.loading.moddiscovery.ModFile/LOADING]: Loading mod file C:\Users\32254\Documents\GitHub\twtdlcore26.1.2\run\.cache\jij\6a464b1c603b716033f3561a0632a7cc7be17c9d75af1cab7f1db5fe98c3888a\mixinextras-neoforge-0.5.4.jar with languages []
[209月2026 21:37:28.031] [ForkJoinPool.commonPool-worker-10/DEBUG] [net.neoforged.fml.loading.moddiscovery.ModFile/LOADING]: Loading mod file C:\Users\32254\Documents\GitHub\twtdlcore26.1.2\run\.cache\jij\909b72f1d8225a13c4f00a23b3a5d04217543745de857d98694d4943708fc969\net.neoforged.neoforge-coremods-26.1.2.109.jar with languages []
[209月2026 21:37:28.091] [ForkJoinPool.commonPool-worker-10/WARN] [net.neoforged.jarjar.selection.JarSelector/]: Attempted to select a dependency jar for JarJar which was passed in as source: betteradvancedtooltips. Using jar(C:/Users/32254/.gradle/caches/modules-2/files-2.1/dev.latvian.mods/better-advanced-tooltips/2601.1.0-local.1786085652/f46eb7d7b1e1d0c200d23f8950f6273a10393213/better-advanced-tooltips-2601.1.0-local.1786085652.jar)
[209月2026 21:37:28.092] [ForkJoinPool.commonPool-worker-10/INFO] [net.neoforged.fml.loading.moddiscovery.locators.JarInJarDependencyLocator/]: Found 4 dependencies adding them to mods collection
[209月2026 21:37:28.095] [ForkJoinPool.commonPool-worker-10/INFO] [net.neoforged.fml.loading.moddiscovery.ModDiscoverer/]: 
     Mod List:
		Name Version (Mod Id)

		Applied Energistics 2 26.1.11-SNAPSHOT (ae2)
		Athena 4.7.3 (athena)
		Better Advanced Tooltips 2601.1.0-local.1786085652 (betteradvancedtooltips)
		CTM 26.1.2.9 (ctm)
		GuideME 26.1.12-beta (guideme)
		Jade 26.1.10+neoforge (jade)
		Just Enough Items 29.37.0.98 (jei)
		KubeJS 26.1.2-8.0.4-mmcr (kubejs)
		Minecraft 26.1.2 (minecraft)
		Modular Machinery Community Refoxed 0.0.2+efa2122d (mmcr)
		NeoForge 26.1.2.109 (neoforge)
		registrylib 8.0.15 (registrylib)
		Rhino 2101.2.8-build.91 (rhino)
		spark 1.10.173 (spark)
		Twtdlcore 1.0.0 (twtdlcore)
[209月2026 21:37:28.105] [ForkJoinPool.commonPool-worker-10/DEBUG] [net.neoforged.fml.loading.ModSorter/]: Configured system mods: [minecraft, neoforge]
[209月2026 21:37:28.105] [ForkJoinPool.commonPool-worker-10/DEBUG] [net.neoforged.fml.loading.ModSorter/]: Found system mod: minecraft
[209月2026 21:37:28.105] [ForkJoinPool.commonPool-worker-10/DEBUG] [net.neoforged.fml.loading.ModSorter/]: Found system mod: neoforge
[209月2026 21:37:28.110] [ForkJoinPool.commonPool-worker-10/DEBUG] [net.neoforged.fml.loading.ModSorter/LOADING]: Found 32 mod requirements (21 mandatory, 11 optional)
[209月2026 21:37:28.111] [ForkJoinPool.commonPool-worker-10/DEBUG] [net.neoforged.fml.loading.ModSorter/LOADING]: Found 0 mod requirements missing (0 mandatory, 0 optional)
[209月2026 21:37:28.443] [main/INFO] [mixin/]: SpongePowered MIXIN Subsystem Version=0.8.7 Source=file:/C:/Users/32254/.gradle/caches/modules-2/files-2.1/net.fabricmc/sponge-mixin/0.17.3+mixin.0.8.7/41c4a3984a80f4679e759fb9f495587acc5cdac7/sponge-mixin-0.17.3+mixin.0.8.7.jar Service=FML Env=CLIENT
[209月2026 21:37:28.494] [main/DEBUG] [mixin/]: Initialising Mixin Platform Manager
[209月2026 21:37:28.494] [main/DEBUG] [mixin/]: Adding mixin platform agents for container ContainerHandleVirtual(fml:18c85)
[209月2026 21:37:28.497] [main/DEBUG] [mixin/]: Instancing new MixinPlatformAgentDefault for ContainerHandleVirtual(fml:18c85)
[209月2026 21:37:28.499] [main/DEBUG] [mixin/]: MixinPlatformAgentDefault accepted container ContainerHandleVirtual(fml:18c85)
[209月2026 21:37:28.499] [main/DEBUG] [mixin/]: Instancing new MixinPlatformAgentDefault for ContainerHandleVirtual(fml:18c85)
[209月2026 21:37:28.499] [main/DEBUG] [mixin/]: MixinPlatformAgentDefault accepted container ContainerHandleVirtual(fml:18c85)
[209月2026 21:37:28.501] [main/DEBUG] [mixin/]: Processing prepare() for PlatformAgent[MixinPlatformAgentDefault:ContainerHandleVirtual(fml:18c85)]
[209月2026 21:37:28.501] [main/DEBUG] [mixin/]: Processing prepare() for PlatformAgent[MixinPlatformAgentDefault:ContainerHandleVirtual(fml:18c85)]
[209月2026 21:37:28.504] [main/INFO] [net.neoforged.fml.loading.FMLLoader/]: Loading FML Plugins:
[209月2026 21:37:28.505] [main/INFO] [net.neoforged.fml.loading.FMLLoader/]:  - C:/Users/32254/.gradle/caches/modules-2/files-2.1/dev.latvian.mods/kubejs-neoforge/26.1.2-8.0.4-mmcr/63773a0be1eb7069fd72a1cf344c8c1bae7d463e/kubejs-neoforge-26.1.2-8.0.4-mmcr.jar > animated-gif-lib-for-java-animated-gif-lib-1.7.jar
[209月2026 21:37:28.507] [main/INFO] [net.neoforged.fml.loading.FMLLoader/]:  - C:/Users/32254/.gradle/caches/modules-2/files-2.1/dev.latvian.mods/kubejs-neoforge/26.1.2-8.0.4-mmcr/63773a0be1eb7069fd72a1cf344c8c1bae7d463e/kubejs-neoforge-26.1.2-8.0.4-mmcr.jar > tiny-java-server-1.0.0-build.45.jar
[209月2026 21:37:28.507] [main/INFO] [net.neoforged.fml.loading.FMLLoader/]:  - C:/Users/32254/.gradle/caches/modules-2/files-2.1/net.neoforged/neoforge/26.1.2.109/e379d9f1f45c052061fa6024a5959ad726771408/neoforge-26.1.2.109-universal.jar > net.neoforged.neoforge-coremods-26.1.2.109.jar
[209月2026 21:37:28.518] [main/DEBUG] [net.neoforged.fml.util.ServiceLoaderUtil/CORE]: Found 2 implementations of IModLanguageLoader:
[209月2026 21:37:28.519] [main/DEBUG] [net.neoforged.fml.util.ServiceLoaderUtil/CORE]: 	net.neoforged.fml.javafmlmod.FMLJavaModLanguageProvider from C:/Users/32254/.gradle/caches/modules-2/files-2.1/net.neoforged.fancymodloader/loader/11.0.15/69ddd98736a6b095783523404d1af8992842722/loader-11.0.15.jar
[209月2026 21:37:28.519] [main/DEBUG] [net.neoforged.fml.util.ServiceLoaderUtil/CORE]: 	net.neoforged.fml.mclanguageprovider.MinecraftModLanguageProvider from C:/Users/32254/.gradle/caches/modules-2/files-2.1/net.neoforged.fancymodloader/loader/11.0.15/69ddd98736a6b095783523404d1af8992842722/loader-11.0.15.jar
[209月2026 21:37:28.521] [main/DEBUG] [net.neoforged.fml.loading.LanguageProviderLoader/CORE]: Found language provider javafml, version 11.0
[209月2026 21:37:28.523] [main/DEBUG] [net.neoforged.fml.loading.LanguageProviderLoader/CORE]: Found language provider minecraft, version 11.0
[209月2026 21:37:28.525] [main/WARN] [net.neoforged.fml.loading.LanguageProviderLoader/]: Mod jar(C:/Users/32254/.gradle/caches/modules-2/files-2.1/dev.latvian.mods/rhino/2101.2.8-build.91/56eab1d464ed0811c64040c64bd047df5cbc3aad/rhino-2101.2.8-build.91.jar) is using the deprecated 'lowcodefml' language loader. This warning can be fixed by simply removing the modLoader and loaderVersion settings from neoforge.mods.toml.
[209月2026 21:37:28.530] [main/DEBUG] [net.neoforged.fml.loading.FMLLoader/]: Adding Access Transformer META-INF/accesstransformer.cfg in jar(C:/Users/32254/.gradle/caches/modules-2/files-2.1/curse.maven/jade-324717/8651070/9bd6f50f88688a2d524763d2362505e412785fc1/jade-324717-8651070.jar)
[209月2026 21:37:28.553] [main/DEBUG] [net.neoforged.fml.loading.FMLLoader/]: Adding Access Transformer META-INF/accesstransformer.cfg in jar(C:/Users/32254/.gradle/caches/modules-2/files-2.1/curse.maven/guideme-1173950/8204880/d609c5b4617369b2dc781efb149c718d03698740/guideme-1173950-8204880.jar)
[209月2026 21:37:28.556] [main/DEBUG] [net.neoforged.fml.loading.FMLLoader/]: Adding Access Transformer META-INF/accesstransformer.cfg in jar(C:/Users/32254/.gradle/caches/modules-2/files-2.1/curse.maven/jei-238222/8837431/81418c43398058f90989a128e9ab37f597dffa91/jei-238222-8837431.jar)
[209月2026 21:37:28.558] [main/DEBUG] [net.neoforged.fml.loading.FMLLoader/]: Adding Access Transformer META-INF/accesstransformer.cfg in jar(C:/Users/32254/.gradle/caches/modules-2/files-2.1/org.appliedenergistics/appliedenergistics2/26.1.11-SNAPSHOT/e7829e91bc1c1102b47564f97311b12ef6c0b7d3/appliedenergistics2-26.1.11-SNAPSHOT.jar)
[209月2026 21:37:28.561] [main/DEBUG] [net.neoforged.fml.loading.FMLLoader/]: Adding Access Transformer META-INF/accesstransformer.cfg in jar(C:/Users/32254/.gradle/caches/modules-2/files-2.1/curse.maven/spark-361579/8275631/c4e339e787aa32949fd56848d26cc7bbfe812ef6/spark-361579-8275631.jar)
[209月2026 21:37:28.562] [main/DEBUG] [net.neoforged.fml.loading.FMLLoader/]: Adding Access Transformer META-INF/accesstransformer.cfg in jar(C:/Users/32254/.gradle/caches/modules-2/files-2.1/curse.maven/registrylib-1486427/8525072/65d785e973f770b1e7ecf7958cf50c028429c9b1/registrylib-1486427-8525072.jar)
[209月2026 21:37:28.563] [main/DEBUG] [net.neoforged.fml.loading.FMLLoader/]: Adding Access Transformer META-INF/accesstransformer.cfg in composite(filtered(jar(C:/Users/32254/.gradle/caches/modules-2/files-2.1/net.neoforged/neoforge/26.1.2.109/e379d9f1f45c052061fa6024a5959ad726771408/neoforge-26.1.2.109-universal.jar)))
[209月2026 21:37:28.576] [main/DEBUG] [net.neoforged.fml.loading.FMLLoader/]: Adding Access Transformer META-INF/accesstransformergenerated.cfg in composite(filtered(jar(C:/Users/32254/.gradle/caches/modules-2/files-2.1/net.neoforged/neoforge/26.1.2.109/e379d9f1f45c052061fa6024a5959ad726771408/neoforge-26.1.2.109-universal.jar)))
[209月2026 21:37:28.586] [main/DEBUG] [net.neoforged.fml.loading.FMLLoader/]: Adding Access Transformer META-INF/accesstransformer.cfg in jar(C:/Users/32254/.gradle/caches/modules-2/files-2.1/dev.latvian.mods/kubejs-neoforge/26.1.2-8.0.4-mmcr/63773a0be1eb7069fd72a1cf344c8c1bae7d463e/kubejs-neoforge-26.1.2-8.0.4-mmcr.jar)
[209月2026 21:37:28.590] [main/DEBUG] [net.neoforged.fml.loading.FMLLoader/]: Adding Access Transformer META-INF/accesstransformer.cfg in jar(C:/Users/32254/.gradle/caches/modules-2/files-2.1/dev.latvian.mods/better-advanced-tooltips/2601.1.0-local.1786085652/f46eb7d7b1e1d0c200d23f8950f6273a10393213/better-advanced-tooltips-2601.1.0-local.1786085652.jar)
[209月2026 21:37:28.603] [main/DEBUG] [net.neoforged.fml.util.ServiceLoaderUtil/CORE]: Found 5 implementations of ClassProcessor:
[209月2026 21:37:28.604] [main/DEBUG] [net.neoforged.fml.util.ServiceLoaderUtil/CORE]: 	[built-in] net.neoforged.fml.common.asm.AccessTransformerService from C:/Users/32254/.gradle/caches/modules-2/files-2.1/net.neoforged.fancymodloader/loader/11.0.15/69ddd98736a6b095783523404d1af8992842722/loader-11.0.15.jar
[209月2026 21:37:28.605] [main/DEBUG] [net.neoforged.fml.util.ServiceLoaderUtil/CORE]: 	[built-in] net.neoforged.fml.common.asm.enumextension.RuntimeEnumExtender from C:/Users/32254/.gradle/caches/modules-2/files-2.1/net.neoforged.fancymodloader/loader/11.0.15/69ddd98736a6b095783523404d1af8992842722/loader-11.0.15.jar
[209月2026 21:37:28.605] [main/DEBUG] [net.neoforged.fml.util.ServiceLoaderUtil/CORE]: 	[built-in] net.neoforged.fml.common.asm.SimpleProcessorsGroup from C:/Users/32254/.gradle/caches/modules-2/files-2.1/net.neoforged.fancymodloader/loader/11.0.15/69ddd98736a6b095783523404d1af8992842722/loader-11.0.15.jar
[209月2026 21:37:28.606] [main/DEBUG] [net.neoforged.fml.util.ServiceLoaderUtil/CORE]: 	[built-in] net.neoforged.fml.loading.moddiscovery.locators.NeoForgeDevDistCleaner from C:/Users/32254/.gradle/caches/modules-2/files-2.1/net.neoforged.fancymodloader/loader/11.0.15/69ddd98736a6b095783523404d1af8992842722/loader-11.0.15.jar
[209月2026 21:37:28.606] [main/DEBUG] [net.neoforged.fml.util.ServiceLoaderUtil/CORE]: 	[built-in] net.neoforged.fml.loading.mixin.FMLMixinClassProcessor from C:/Users/32254/.gradle/caches/modules-2/files-2.1/net.neoforged.fancymodloader/loader/11.0.15/69ddd98736a6b095783523404d1af8992842722/loader-11.0.15.jar
[209月2026 21:37:28.615] [main/DEBUG] [net.neoforged.fml.util.ServiceLoaderUtil/CORE]: Found 1 implementations of ClassProcessorProvider:
[209月2026 21:37:28.615] [main/DEBUG] [net.neoforged.fml.util.ServiceLoaderUtil/CORE]: 	net.neoforged.neoforge.coremods.NeoForgeCoreMod from C:/Users/32254/.gradle/caches/modules-2/files-2.1/net.neoforged/neoforge/26.1.2.109/e379d9f1f45c052061fa6024a5959ad726771408/neoforge-26.1.2.109-universal.jar > net.neoforged.neoforge-coremods-26.1.2.109.jar
[209月2026 21:37:28.669] [main/DEBUG] [net.neoforged.fml.loading.FMLLoader/]: Masking classpath elements: [C:/Users/32254/Documents/GitHub/twtdlcore26.1.2/build/classes/java/main, C:/Users/32254/.gradle/caches/modules-2/files-2.1/dev.latvian.mods/kubejs-neoforge/26.1.2-8.0.4-mmcr/63773a0be1eb7069fd72a1cf344c8c1bae7d463e/kubejs-neoforge-26.1.2-8.0.4-mmcr.jar, C:/Users/32254/Documents/GitHub/twtdlcore26.1.2/build/resources/main, C:/Users/32254/Documents/GitHub/twtdlcore26.1.2/build/moddev/artifacts/minecraft-patched-26.1.2.109.jar, C:/Users/32254/.gradle/caches/modules-2/files-2.1/org.appliedenergistics/appliedenergistics2/26.1.11-SNAPSHOT/e7829e91bc1c1102b47564f97311b12ef6c0b7d3/appliedenergistics2-26.1.11-SNAPSHOT.jar, C:/Users/32254/.gradle/caches/modules-2/files-2.1/curse.maven/spark-361579/8275631/c4e339e787aa32949fd56848d26cc7bbfe812ef6/spark-361579-8275631.jar, C:/Users/32254/.gradle/caches/modules-2/files-2.1/net.neoforged/neoforge/26.1.2.109/e379d9f1f45c052061fa6024a5959ad726771408/neoforge-26.1.2.109-universal.jar, C:/Users/32254/.gradle/caches/modules-2/files-2.1/dev.latvian.mods/rhino/2101.2.8-build.91/56eab1d464ed0811c64040c64bd047df5cbc3aad/rhino-2101.2.8-build.91.jar, C:/Users/32254/.gradle/caches/modules-2/files-2.1/curse.maven/jei-238222/8837431/81418c43398058f90989a128e9ab37f597dffa91/jei-238222-8837431.jar, C:/Users/32254/.gradle/caches/modules-2/files-2.1/cn.howxu/ModularMachinery-Community-Refoxed/0.0.2+efa2122d/a078177b07a58716e9c7e1efae552460f71c8e89/ModularMachinery-Community-Refoxed-0.0.2+efa2122d.jar, C:/Users/32254/.gradle/caches/modules-2/files-2.1/curse.maven/athena-841890/7970442/2583e9a557cca800efb356a4ca17f5dce96f762a/athena-841890-7970442.jar, C:/Users/32254/.gradle/caches/modules-2/files-2.1/curse.maven/jade-324717/8651070/9bd6f50f88688a2d524763d2362505e412785fc1/jade-324717-8651070.jar, C:/Users/32254/.gradle/caches/modules-2/files-2.1/curse.maven/ctm-lib-1568397/8876523/bf213aaa9ebfa95b21546985810b016ce20ef5a8/ctm-lib-1568397-8876523.jar, C:/Users/32254/.gradle/caches/modules-2/files-2.1/dev.latvian.mods/better-advanced-tooltips/2601.1.0-local.1786085652/f46eb7d7b1e1d0c200d23f8950f6273a10393213/better-advanced-tooltips-2601.1.0-local.1786085652.jar, C:/Users/32254/.gradle/caches/modules-2/files-2.1/curse.maven/registrylib-1486427/8525072/65d785e973f770b1e7ecf7958cf50c028429c9b1/registrylib-1486427-8525072.jar, C:/Users/32254/.gradle/caches/modules-2/files-2.1/curse.maven/guideme-1173950/8204880/d609c5b4617369b2dc781efb149c718d03698740/guideme-1173950-8204880.jar]
[209月2026 21:37:28.696] [main/INFO] [net.neoforged.fml.loading.FMLLoader/]: Building game content classloader:
 - ae2 (jar(C:/Users/32254/.gradle/caches/modules-2/files-2.1/org.appliedenergistics/appliedenergistics2/26.1.11-SNAPSHOT/e7829e91bc1c1102b47564f97311b12ef6c0b7d3/appliedenergistics2-26.1.11-SNAPSHOT.jar))
 - athena (jar(C:/Users/32254/.gradle/caches/modules-2/files-2.1/curse.maven/athena-841890/7970442/2583e9a557cca800efb356a4ca17f5dce96f762a/athena-841890-7970442.jar))
 - betteradvancedtooltips (jar(C:/Users/32254/.gradle/caches/modules-2/files-2.1/dev.latvian.mods/better-advanced-tooltips/2601.1.0-local.1786085652/f46eb7d7b1e1d0c200d23f8950f6273a10393213/better-advanced-tooltips-2601.1.0-local.1786085652.jar))
 - ctm (jar(C:/Users/32254/.gradle/caches/modules-2/files-2.1/curse.maven/ctm-lib-1568397/8876523/bf213aaa9ebfa95b21546985810b016ce20ef5a8/ctm-lib-1568397-8876523.jar))
 - guideme (jar(C:/Users/32254/.gradle/caches/modules-2/files-2.1/curse.maven/guideme-1173950/8204880/d609c5b4617369b2dc781efb149c718d03698740/guideme-1173950-8204880.jar))
 - jade (jar(C:/Users/32254/.gradle/caches/modules-2/files-2.1/curse.maven/jade-324717/8651070/9bd6f50f88688a2d524763d2362505e412785fc1/jade-324717-8651070.jar))
 - jei (jar(C:/Users/32254/.gradle/caches/modules-2/files-2.1/curse.maven/jei-238222/8837431/81418c43398058f90989a128e9ab37f597dffa91/jei-238222-8837431.jar))
 - kubejs (jar(C:/Users/32254/.gradle/caches/modules-2/files-2.1/dev.latvian.mods/kubejs-neoforge/26.1.2-8.0.4-mmcr/63773a0be1eb7069fd72a1cf344c8c1bae7d463e/kubejs-neoforge-26.1.2-8.0.4-mmcr.jar))
 - minecraft (composite(filtered(jar(C:/Users/32254/Documents/GitHub/twtdlcore26.1.2/build/moddev/artifacts/minecraft-patched-26.1.2.109.jar)), filtered(jar(C:/Users/32254/Documents/GitHub/twtdlcore26.1.2/build/moddev/artifacts/minecraft-patched-26.1.2.109.jar))))
 - mixinextras.neoforge (jar(C:/Users/32254/.gradle/caches/modules-2/files-2.1/net.neoforged/neoforge/26.1.2.109/e379d9f1f45c052061fa6024a5959ad726771408/neoforge-26.1.2.109-universal.jar > mixinextras-neoforge-0.5.4.jar))
 - mmcr (jar(C:/Users/32254/.gradle/caches/modules-2/files-2.1/cn.howxu/ModularMachinery-Community-Refoxed/0.0.2+efa2122d/a078177b07a58716e9c7e1efae552460f71c8e89/ModularMachinery-Community-Refoxed-0.0.2+efa2122d.jar))
 - neoforge (composite(filtered(jar(C:/Users/32254/.gradle/caches/modules-2/files-2.1/net.neoforged/neoforge/26.1.2.109/e379d9f1f45c052061fa6024a5959ad726771408/neoforge-26.1.2.109-universal.jar))))
 - net.neoforged.fml.generated (empty(VirtualJar/net.neoforged.fml.generated))
 - registrylib (jar(C:/Users/32254/.gradle/caches/modules-2/files-2.1/curse.maven/registrylib-1486427/8525072/65d785e973f770b1e7ecf7958cf50c028429c9b1/registrylib-1486427-8525072.jar))
 - rhino (jar(C:/Users/32254/.gradle/caches/modules-2/files-2.1/dev.latvian.mods/rhino/2101.2.8-build.91/56eab1d464ed0811c64040c64bd047df5cbc3aad/rhino-2101.2.8-build.91.jar))
 - spark (jar(C:/Users/32254/.gradle/caches/modules-2/files-2.1/curse.maven/spark-361579/8275631/c4e339e787aa32949fd56848d26cc7bbfe812ef6/spark-361579-8275631.jar))
 - twtdlcore (composite(folder(C:/Users/32254/Documents/GitHub/twtdlcore26.1.2/build/classes/java/main), folder(C:/Users/32254/Documents/GitHub/twtdlcore26.1.2/build/resources/main)))
[209月2026 21:37:28.720] [main/INFO] [net.neoforged.fml.loading.FMLLoader/]: Built game content classloader in 50ms
[209月2026 21:37:28.824] [main/DEBUG] [mixin/]: Compatibility level JAVA_11 specified by guideme.mixins.json is lower than the default level supported by the current mixin service (JAVA_21).
[209月2026 21:37:28.826] [main/DEBUG] [mixin/]: Compatibility level JAVA_11 specified by guideme.optional.mixins.json is lower than the default level supported by the current mixin service (JAVA_21).
[209月2026 21:37:28.827] [main/DEBUG] [mixin/]: Compatibility level JAVA_11 specified by ae2.mixins.json is lower than the default level supported by the current mixin service (JAVA_21).
[209月2026 21:37:28.829] [main/DEBUG] [mixin/]: Compatibility level JAVA_17 specified by athena.mixins.json is lower than the default level supported by the current mixin service (JAVA_21).
[209月2026 21:37:28.829] [main/DEBUG] [mixin/]: Compatibility level JAVA_17 specified by athena.mixins.json is higher than the maximum level supported by this version of mixin (JAVA_13).
[209月2026 21:37:28.831] [main/DEBUG] [mixin/]: Compatibility level JAVA_17 specified by athena-neoforge.mixins.json is lower than the default level supported by the current mixin service (JAVA_21).
[209月2026 21:37:28.831] [main/DEBUG] [mixin/]: Compatibility level JAVA_17 specified by athena-neoforge.mixins.json is higher than the maximum level supported by this version of mixin (JAVA_13).
[209月2026 21:37:28.836] [main/DEBUG] [mixin/]: Compatibility level JAVA_25 specified by kubejs.mixins.json is higher than the maximum level supported by this version of mixin (JAVA_13).
[209月2026 21:37:28.844] [main/INFO] [mixin/]: Compatibility level set to JAVA_25
[209月2026 21:37:28.846] [main/DEBUG] [mixin/]: Compatibility level JAVA_21 specified by betteradvancedtooltips.mixins.json is higher than the maximum level supported by this version of mixin (JAVA_13).
[209月2026 21:37:28.848] [main/DEBUG] [mixin/]: Processing launch tasks for PlatformAgent[MixinPlatformAgentDefault:ContainerHandleVirtual(fml:18c85)]
[209月2026 21:37:28.849] [main/DEBUG] [mixin/]: Processing launch tasks for PlatformAgent[MixinPlatformAgentDefault:ContainerHandleVirtual(fml:18c85)]
[209月2026 21:37:28.850] [main/DEBUG] [mixin/]: Adding agents for Mixin Container jar(C:/Users/32254/.gradle/caches/modules-2/files-2.1/dev.latvian.mods/kubejs-neoforge/26.1.2-8.0.4-mmcr/63773a0be1eb7069fd72a1cf344c8c1bae7d463e/kubejs-neoforge-26.1.2-8.0.4-mmcr.jar) > jar(C:/Users/32254/.gradle/caches/modules-2/files-2.1/dev.latvian.mods/kubejs-neoforge/26.1.2-8.0.4-mmcr/63773a0be1eb7069fd72a1cf344c8c1bae7d463e/kubejs-neoforge-26.1.2-8.0.4-mmcr.jar > animated-gif-lib-for-java-animated-gif-lib-1.7.jar)
[209月2026 21:37:28.850] [main/DEBUG] [mixin/]: Adding mixin platform agents for container jar(C:/Users/32254/.gradle/caches/modules-2/files-2.1/dev.latvian.mods/kubejs-neoforge/26.1.2-8.0.4-mmcr/63773a0be1eb7069fd72a1cf344c8c1bae7d463e/kubejs-neoforge-26.1.2-8.0.4-mmcr.jar) > jar(C:/Users/32254/.gradle/caches/modules-2/files-2.1/dev.latvian.mods/kubejs-neoforge/26.1.2-8.0.4-mmcr/63773a0be1eb7069fd72a1cf344c8c1bae7d463e/kubejs-neoforge-26.1.2-8.0.4-mmcr.jar > animated-gif-lib-for-java-animated-gif-lib-1.7.jar)
[209月2026 21:37:28.851] [main/DEBUG] [mixin/]: Instancing new MixinPlatformAgentDefault for jar(C:/Users/32254/.gradle/caches/modules-2/files-2.1/dev.latvian.mods/kubejs-neoforge/26.1.2-8.0.4-mmcr/63773a0be1eb7069fd72a1cf344c8c1bae7d463e/kubejs-neoforge-26.1.2-8.0.4-mmcr.jar) > jar(C:/Users/32254/.gradle/caches/modules-2/files-2.1/dev.latvian.mods/kubejs-neoforge/26.1.2-8.0.4-mmcr/63773a0be1eb7069fd72a1cf344c8c1bae7d463e/kubejs-neoforge-26.1.2-8.0.4-mmcr.jar > animated-gif-lib-for-java-animated-gif-lib-1.7.jar)
[209月2026 21:37:28.851] [main/DEBUG] [mixin/]: MixinPlatformAgentDefault accepted container jar(C:/Users/32254/.gradle/caches/modules-2/files-2.1/dev.latvian.mods/kubejs-neoforge/26.1.2-8.0.4-mmcr/63773a0be1eb7069fd72a1cf344c8c1bae7d463e/kubejs-neoforge-26.1.2-8.0.4-mmcr.jar) > jar(C:/Users/32254/.gradle/caches/modules-2/files-2.1/dev.latvian.mods/kubejs-neoforge/26.1.2-8.0.4-mmcr/63773a0be1eb7069fd72a1cf344c8c1bae7d463e/kubejs-neoforge-26.1.2-8.0.4-mmcr.jar > animated-gif-lib-for-java-animated-gif-lib-1.7.jar)
[209月2026 21:37:28.852] [main/DEBUG] [mixin/]: Instancing new MixinPlatformAgentDefault for jar(C:/Users/32254/.gradle/caches/modules-2/files-2.1/dev.latvian.mods/kubejs-neoforge/26.1.2-8.0.4-mmcr/63773a0be1eb7069fd72a1cf344c8c1bae7d463e/kubejs-neoforge-26.1.2-8.0.4-mmcr.jar) > jar(C:/Users/32254/.gradle/caches/modules-2/files-2.1/dev.latvian.mods/kubejs-neoforge/26.1.2-8.0.4-mmcr/63773a0be1eb7069fd72a1cf344c8c1bae7d463e/kubejs-neoforge-26.1.2-8.0.4-mmcr.jar > animated-gif-lib-for-java-animated-gif-lib-1.7.jar)
[209月2026 21:37:28.853] [main/DEBUG] [mixin/]: MixinPlatformAgentDefault accepted container jar(C:/Users/32254/.gradle/caches/modules-2/files-2.1/dev.latvian.mods/kubejs-neoforge/26.1.2-8.0.4-mmcr/63773a0be1eb7069fd72a1cf344c8c1bae7d463e/kubejs-neoforge-26.1.2-8.0.4-mmcr.jar) > jar(C:/Users/32254/.gradle/caches/modules-2/files-2.1/dev.latvian.mods/kubejs-neoforge/26.1.2-8.0.4-mmcr/63773a0be1eb7069fd72a1cf344c8c1bae7d463e/kubejs-neoforge-26.1.2-8.0.4-mmcr.jar > animated-gif-lib-for-java-animated-gif-lib-1.7.jar)
[209月2026 21:37:28.853] [main/DEBUG] [mixin/]: Processing prepare() for PlatformAgent[MixinPlatformAgentDefault:jar(C:/Users/32254/.gradle/caches/modules-2/files-2.1/dev.latvian.mods/kubejs-neoforge/26.1.2-8.0.4-mmcr/63773a0be1eb7069fd72a1cf344c8c1bae7d463e/kubejs-neoforge-26.1.2-8.0.4-mmcr.jar) > jar(C:/Users/32254/.gradle/caches/modules-2/files-2.1/dev.latvian.mods/kubejs-neoforge/26.1.2-8.0.4-mmcr/63773a0be1eb7069fd72a1cf344c8c1bae7d463e/kubejs-neoforge-26.1.2-8.0.4-mmcr.jar > animated-gif-lib-for-java-animated-gif-lib-1.7.jar)]
[209月2026 21:37:28.854] [main/DEBUG] [mixin/]: Processing prepare() for PlatformAgent[MixinPlatformAgentDefault:jar(C:/Users/32254/.gradle/caches/modules-2/files-2.1/dev.latvian.mods/kubejs-neoforge/26.1.2-8.0.4-mmcr/63773a0be1eb7069fd72a1cf344c8c1bae7d463e/kubejs-neoforge-26.1.2-8.0.4-mmcr.jar) > jar(C:/Users/32254/.gradle/caches/modules-2/files-2.1/dev.latvian.mods/kubejs-neoforge/26.1.2-8.0.4-mmcr/63773a0be1eb7069fd72a1cf344c8c1bae7d463e/kubejs-neoforge-26.1.2-8.0.4-mmcr.jar > animated-gif-lib-for-java-animated-gif-lib-1.7.jar)]
[209月2026 21:37:28.854] [main/DEBUG] [mixin/]: Adding agents for Mixin Container jar(C:/Users/32254/.gradle/caches/modules-2/files-2.1/dev.latvian.mods/kubejs-neoforge/26.1.2-8.0.4-mmcr/63773a0be1eb7069fd72a1cf344c8c1bae7d463e/kubejs-neoforge-26.1.2-8.0.4-mmcr.jar) > jar(C:/Users/32254/.gradle/caches/modules-2/files-2.1/dev.latvian.mods/kubejs-neoforge/26.1.2-8.0.4-mmcr/63773a0be1eb7069fd72a1cf344c8c1bae7d463e/kubejs-neoforge-26.1.2-8.0.4-mmcr.jar > tiny-java-server-1.0.0-build.45.jar)
[209月2026 21:37:28.855] [main/DEBUG] [mixin/]: Adding mixin platform agents for container jar(C:/Users/32254/.gradle/caches/modules-2/files-2.1/dev.latvian.mods/kubejs-neoforge/26.1.2-8.0.4-mmcr/63773a0be1eb7069fd72a1cf344c8c1bae7d463e/kubejs-neoforge-26.1.2-8.0.4-mmcr.jar) > jar(C:/Users/32254/.gradle/caches/modules-2/files-2.1/dev.latvian.mods/kubejs-neoforge/26.1.2-8.0.4-mmcr/63773a0be1eb7069fd72a1cf344c8c1bae7d463e/kubejs-neoforge-26.1.2-8.0.4-mmcr.jar > tiny-java-server-1.0.0-build.45.jar)
[209月2026 21:37:28.855] [main/DEBUG] [mixin/]: Instancing new MixinPlatformAgentDefault for jar(C:/Users/32254/.gradle/caches/modules-2/files-2.1/dev.latvian.mods/kubejs-neoforge/26.1.2-8.0.4-mmcr/63773a0be1eb7069fd72a1cf344c8c1bae7d463e/kubejs-neoforge-26.1.2-8.0.4-mmcr.jar) > jar(C:/Users/32254/.gradle/caches/modules-2/files-2.1/dev.latvian.mods/kubejs-neoforge/26.1.2-8.0.4-mmcr/63773a0be1eb7069fd72a1cf344c8c1bae7d463e/kubejs-neoforge-26.1.2-8.0.4-mmcr.jar > tiny-java-server-1.0.0-build.45.jar)
[209月2026 21:37:28.857] [main/DEBUG] [mixin/]: MixinPlatformAgentDefault accepted container jar(C:/Users/32254/.gradle/caches/modules-2/files-2.1/dev.latvian.mods/kubejs-neoforge/26.1.2-8.0.4-mmcr/63773a0be1eb7069fd72a1cf344c8c1bae7d463e/kubejs-neoforge-26.1.2-8.0.4-mmcr.jar) > jar(C:/Users/32254/.gradle/caches/modules-2/files-2.1/dev.latvian.mods/kubejs-neoforge/26.1.2-8.0.4-mmcr/63773a0be1eb7069fd72a1cf344c8c1bae7d463e/kubejs-neoforge-26.1.2-8.0.4-mmcr.jar > tiny-java-server-1.0.0-build.45.jar)
[209月2026 21:37:28.859] [main/DEBUG] [mixin/]: Instancing new MixinPlatformAgentDefault for jar(C:/Users/32254/.gradle/caches/modules-2/files-2.1/dev.latvian.mods/kubejs-neoforge/26.1.2-8.0.4-mmcr/63773a0be1eb7069fd72a1cf344c8c1bae7d463e/kubejs-neoforge-26.1.2-8.0.4-mmcr.jar) > jar(C:/Users/32254/.gradle/caches/modules-2/files-2.1/dev.latvian.mods/kubejs-neoforge/26.1.2-8.0.4-mmcr/63773a0be1eb7069fd72a1cf344c8c1bae7d463e/kubejs-neoforge-26.1.2-8.0.4-mmcr.jar > tiny-java-server-1.0.0-build.45.jar)
[209月2026 21:37:28.859] [main/DEBUG] [mixin/]: MixinPlatformAgentDefault accepted container jar(C:/Users/32254/.gradle/caches/modules-2/files-2.1/dev.latvian.mods/kubejs-neoforge/26.1.2-8.0.4-mmcr/63773a0be1eb7069fd72a1cf344c8c1bae7d463e/kubejs-neoforge-26.1.2-8.0.4-mmcr.jar) > jar(C:/Users/32254/.gradle/caches/modules-2/files-2.1/dev.latvian.mods/kubejs-neoforge/26.1.2-8.0.4-mmcr/63773a0be1eb7069fd72a1cf344c8c1bae7d463e/kubejs-neoforge-26.1.2-8.0.4-mmcr.jar > tiny-java-server-1.0.0-build.45.jar)
[209月2026 21:37:28.860] [main/DEBUG] [mixin/]: Processing prepare() for PlatformAgent[MixinPlatformAgentDefault:jar(C:/Users/32254/.gradle/caches/modules-2/files-2.1/dev.latvian.mods/kubejs-neoforge/26.1.2-8.0.4-mmcr/63773a0be1eb7069fd72a1cf344c8c1bae7d463e/kubejs-neoforge-26.1.2-8.0.4-mmcr.jar) > jar(C:/Users/32254/.gradle/caches/modules-2/files-2.1/dev.latvian.mods/kubejs-neoforge/26.1.2-8.0.4-mmcr/63773a0be1eb7069fd72a1cf344c8c1bae7d463e/kubejs-neoforge-26.1.2-8.0.4-mmcr.jar > tiny-java-server-1.0.0-build.45.jar)]
[209月2026 21:37:28.860] [main/DEBUG] [mixin/]: Processing prepare() for PlatformAgent[MixinPlatformAgentDefault:jar(C:/Users/32254/.gradle/caches/modules-2/files-2.1/dev.latvian.mods/kubejs-neoforge/26.1.2-8.0.4-mmcr/63773a0be1eb7069fd72a1cf344c8c1bae7d463e/kubejs-neoforge-26.1.2-8.0.4-mmcr.jar) > jar(C:/Users/32254/.gradle/caches/modules-2/files-2.1/dev.latvian.mods/kubejs-neoforge/26.1.2-8.0.4-mmcr/63773a0be1eb7069fd72a1cf344c8c1bae7d463e/kubejs-neoforge-26.1.2-8.0.4-mmcr.jar > tiny-java-server-1.0.0-build.45.jar)]
[209月2026 21:37:28.860] [main/DEBUG] [mixin/]: Adding agents for Mixin Container composite(filtered(jar(C:/Users/32254/.gradle/caches/modules-2/files-2.1/net.neoforged/neoforge/26.1.2.109/e379d9f1f45c052061fa6024a5959ad726771408/neoforge-26.1.2.109-universal.jar))) > jar(C:/Users/32254/.gradle/caches/modules-2/files-2.1/net.neoforged/neoforge/26.1.2.109/e379d9f1f45c052061fa6024a5959ad726771408/neoforge-26.1.2.109-universal.jar > net.neoforged.neoforge-coremods-26.1.2.109.jar)
[209月2026 21:37:28.861] [main/DEBUG] [mixin/]: Adding mixin platform agents for container composite(filtered(jar(C:/Users/32254/.gradle/caches/modules-2/files-2.1/net.neoforged/neoforge/26.1.2.109/e379d9f1f45c052061fa6024a5959ad726771408/neoforge-26.1.2.109-universal.jar))) > jar(C:/Users/32254/.gradle/caches/modules-2/files-2.1/net.neoforged/neoforge/26.1.2.109/e379d9f1f45c052061fa6024a5959ad726771408/neoforge-26.1.2.109-universal.jar > net.neoforged.neoforge-coremods-26.1.2.109.jar)
[209月2026 21:37:28.861] [main/DEBUG] [mixin/]: Instancing new MixinPlatformAgentDefault for composite(filtered(jar(C:/Users/32254/.gradle/caches/modules-2/files-2.1/net.neoforged/neoforge/26.1.2.109/e379d9f1f45c052061fa6024a5959ad726771408/neoforge-26.1.2.109-universal.jar))) > jar(C:/Users/32254/.gradle/caches/modules-2/files-2.1/net.neoforged/neoforge/26.1.2.109/e379d9f1f45c052061fa6024a5959ad726771408/neoforge-26.1.2.109-universal.jar > net.neoforged.neoforge-coremods-26.1.2.109.jar)
[209月2026 21:37:28.862] [main/DEBUG] [mixin/]: MixinPlatformAgentDefault accepted container composite(filtered(jar(C:/Users/32254/.gradle/caches/modules-2/files-2.1/net.neoforged/neoforge/26.1.2.109/e379d9f1f45c052061fa6024a5959ad726771408/neoforge-26.1.2.109-universal.jar))) > jar(C:/Users/32254/.gradle/caches/modules-2/files-2.1/net.neoforged/neoforge/26.1.2.109/e379d9f1f45c052061fa6024a5959ad726771408/neoforge-26.1.2.109-universal.jar > net.neoforged.neoforge-coremods-26.1.2.109.jar)
[209月2026 21:37:28.862] [main/DEBUG] [mixin/]: Instancing new MixinPlatformAgentDefault for composite(filtered(jar(C:/Users/32254/.gradle/caches/modules-2/files-2.1/net.neoforged/neoforge/26.1.2.109/e379d9f1f45c052061fa6024a5959ad726771408/neoforge-26.1.2.109-universal.jar))) > jar(C:/Users/32254/.gradle/caches/modules-2/files-2.1/net.neoforged/neoforge/26.1.2.109/e379d9f1f45c052061fa6024a5959ad726771408/neoforge-26.1.2.109-universal.jar > net.neoforged.neoforge-coremods-26.1.2.109.jar)
[209月2026 21:37:28.863] [main/DEBUG] [mixin/]: MixinPlatformAgentDefault accepted container composite(filtered(jar(C:/Users/32254/.gradle/caches/modules-2/files-2.1/net.neoforged/neoforge/26.1.2.109/e379d9f1f45c052061fa6024a5959ad726771408/neoforge-26.1.2.109-universal.jar))) > jar(C:/Users/32254/.gradle/caches/modules-2/files-2.1/net.neoforged/neoforge/26.1.2.109/e379d9f1f45c052061fa6024a5959ad726771408/neoforge-26.1.2.109-universal.jar > net.neoforged.neoforge-coremods-26.1.2.109.jar)
[209月2026 21:37:28.863] [main/DEBUG] [mixin/]: Processing prepare() for PlatformAgent[MixinPlatformAgentDefault:composite(filtered(jar(C:/Users/32254/.gradle/caches/modules-2/files-2.1/net.neoforged/neoforge/26.1.2.109/e379d9f1f45c052061fa6024a5959ad726771408/neoforge-26.1.2.109-universal.jar))) > jar(C:/Users/32254/.gradle/caches/modules-2/files-2.1/net.neoforged/neoforge/26.1.2.109/e379d9f1f45c052061fa6024a5959ad726771408/neoforge-26.1.2.109-universal.jar > net.neoforged.neoforge-coremods-26.1.2.109.jar)]
[209月2026 21:37:28.864] [main/DEBUG] [mixin/]: Processing prepare() for PlatformAgent[MixinPlatformAgentDefault:composite(filtered(jar(C:/Users/32254/.gradle/caches/modules-2/files-2.1/net.neoforged/neoforge/26.1.2.109/e379d9f1f45c052061fa6024a5959ad726771408/neoforge-26.1.2.109-universal.jar))) > jar(C:/Users/32254/.gradle/caches/modules-2/files-2.1/net.neoforged/neoforge/26.1.2.109/e379d9f1f45c052061fa6024a5959ad726771408/neoforge-26.1.2.109-universal.jar > net.neoforged.neoforge-coremods-26.1.2.109.jar)]
[209月2026 21:37:28.864] [main/DEBUG] [mixin/]: Adding agents for Mixin Container composite(filtered(jar(C:/Users/32254/.gradle/caches/modules-2/files-2.1/net.neoforged/neoforge/26.1.2.109/e379d9f1f45c052061fa6024a5959ad726771408/neoforge-26.1.2.109-universal.jar))) > jar(C:/Users/32254/.gradle/caches/modules-2/files-2.1/net.neoforged/neoforge/26.1.2.109/e379d9f1f45c052061fa6024a5959ad726771408/neoforge-26.1.2.109-universal.jar > mixinextras-neoforge-0.5.4.jar)
[209月2026 21:37:28.864] [main/DEBUG] [mixin/]: Adding mixin platform agents for container composite(filtered(jar(C:/Users/32254/.gradle/caches/modules-2/files-2.1/net.neoforged/neoforge/26.1.2.109/e379d9f1f45c052061fa6024a5959ad726771408/neoforge-26.1.2.109-universal.jar))) > jar(C:/Users/32254/.gradle/caches/modules-2/files-2.1/net.neoforged/neoforge/26.1.2.109/e379d9f1f45c052061fa6024a5959ad726771408/neoforge-26.1.2.109-universal.jar > mixinextras-neoforge-0.5.4.jar)
[209月2026 21:37:28.864] [main/DEBUG] [mixin/]: Instancing new MixinPlatformAgentDefault for composite(filtered(jar(C:/Users/32254/.gradle/caches/modules-2/files-2.1/net.neoforged/neoforge/26.1.2.109/e379d9f1f45c052061fa6024a5959ad726771408/neoforge-26.1.2.109-universal.jar))) > jar(C:/Users/32254/.gradle/caches/modules-2/files-2.1/net.neoforged/neoforge/26.1.2.109/e379d9f1f45c052061fa6024a5959ad726771408/neoforge-26.1.2.109-universal.jar > mixinextras-neoforge-0.5.4.jar)
[209月2026 21:37:28.865] [main/DEBUG] [mixin/]: MixinPlatformAgentDefault accepted container composite(filtered(jar(C:/Users/32254/.gradle/caches/modules-2/files-2.1/net.neoforged/neoforge/26.1.2.109/e379d9f1f45c052061fa6024a5959ad726771408/neoforge-26.1.2.109-universal.jar))) > jar(C:/Users/32254/.gradle/caches/modules-2/files-2.1/net.neoforged/neoforge/26.1.2.109/e379d9f1f45c052061fa6024a5959ad726771408/neoforge-26.1.2.109-universal.jar > mixinextras-neoforge-0.5.4.jar)
[209月2026 21:37:28.865] [main/DEBUG] [mixin/]: Instancing new MixinPlatformAgentDefault for composite(filtered(jar(C:/Users/32254/.gradle/caches/modules-2/files-2.1/net.neoforged/neoforge/26.1.2.109/e379d9f1f45c052061fa6024a5959ad726771408/neoforge-26.1.2.109-universal.jar))) > jar(C:/Users/32254/.gradle/caches/modules-2/files-2.1/net.neoforged/neoforge/26.1.2.109/e379d9f1f45c052061fa6024a5959ad726771408/neoforge-26.1.2.109-universal.jar > mixinextras-neoforge-0.5.4.jar)
[209月2026 21:37:28.866] [main/DEBUG] [mixin/]: MixinPlatformAgentDefault accepted container composite(filtered(jar(C:/Users/32254/.gradle/caches/modules-2/files-2.1/net.neoforged/neoforge/26.1.2.109/e379d9f1f45c052061fa6024a5959ad726771408/neoforge-26.1.2.109-universal.jar))) > jar(C:/Users/32254/.gradle/caches/modules-2/files-2.1/net.neoforged/neoforge/26.1.2.109/e379d9f1f45c052061fa6024a5959ad726771408/neoforge-26.1.2.109-universal.jar > mixinextras-neoforge-0.5.4.jar)
[209月2026 21:37:28.866] [main/DEBUG] [mixin/]: Processing prepare() for PlatformAgent[MixinPlatformAgentDefault:composite(filtered(jar(C:/Users/32254/.gradle/caches/modules-2/files-2.1/net.neoforged/neoforge/26.1.2.109/e379d9f1f45c052061fa6024a5959ad726771408/neoforge-26.1.2.109-universal.jar))) > jar(C:/Users/32254/.gradle/caches/modules-2/files-2.1/net.neoforged/neoforge/26.1.2.109/e379d9f1f45c052061fa6024a5959ad726771408/neoforge-26.1.2.109-universal.jar > mixinextras-neoforge-0.5.4.jar)]
[209月2026 21:37:28.867] [main/DEBUG] [mixin/]: Registering mixin config: mixinextras.init.mixins.json source=composite(filtered(jar(C:/Users/32254/.gradle/caches/modules-2/files-2.1/net.neoforged/neoforge/26.1.2.109/e379d9f1f45c052061fa6024a5959ad726771408/neoforge-26.1.2.109-universal.jar))) > jar(C:/Users/32254/.gradle/caches/modules-2/files-2.1/net.neoforged/neoforge/26.1.2.109/e379d9f1f45c052061fa6024a5959ad726771408/neoforge-26.1.2.109-universal.jar > mixinextras-neoforge-0.5.4.jar)
[209月2026 21:37:28.870] [main/DEBUG] [mixin/]: Processing prepare() for PlatformAgent[MixinPlatformAgentDefault:composite(filtered(jar(C:/Users/32254/.gradle/caches/modules-2/files-2.1/net.neoforged/neoforge/26.1.2.109/e379d9f1f45c052061fa6024a5959ad726771408/neoforge-26.1.2.109-universal.jar))) > jar(C:/Users/32254/.gradle/caches/modules-2/files-2.1/net.neoforged/neoforge/26.1.2.109/e379d9f1f45c052061fa6024a5959ad726771408/neoforge-26.1.2.109-universal.jar > mixinextras-neoforge-0.5.4.jar)]
[209月2026 21:37:28.871] [main/DEBUG] [mixin/]: Registering mixin config: mixinextras.init.mixins.json source=composite(filtered(jar(C:/Users/32254/.gradle/caches/modules-2/files-2.1/net.neoforged/neoforge/26.1.2.109/e379d9f1f45c052061fa6024a5959ad726771408/neoforge-26.1.2.109-universal.jar))) > jar(C:/Users/32254/.gradle/caches/modules-2/files-2.1/net.neoforged/neoforge/26.1.2.109/e379d9f1f45c052061fa6024a5959ad726771408/neoforge-26.1.2.109-universal.jar > mixinextras-neoforge-0.5.4.jar)
[209月2026 21:37:28.871] [main/DEBUG] [mixin/]: inject() running with 5 agents
[209月2026 21:37:28.871] [main/DEBUG] [mixin/]: Processing inject() for PlatformAgent[MixinPlatformAgentDefault:ContainerHandleVirtual(fml:18c85)]
[209月2026 21:37:28.871] [main/DEBUG] [mixin/]: Processing inject() for PlatformAgent[MixinPlatformAgentDefault:ContainerHandleVirtual(fml:18c85)]
[209月2026 21:37:28.872] [main/DEBUG] [mixin/]: Processing inject() for PlatformAgent[MixinPlatformAgentDefault:jar(C:/Users/32254/.gradle/caches/modules-2/files-2.1/dev.latvian.mods/kubejs-neoforge/26.1.2-8.0.4-mmcr/63773a0be1eb7069fd72a1cf344c8c1bae7d463e/kubejs-neoforge-26.1.2-8.0.4-mmcr.jar) > jar(C:/Users/32254/.gradle/caches/modules-2/files-2.1/dev.latvian.mods/kubejs-neoforge/26.1.2-8.0.4-mmcr/63773a0be1eb7069fd72a1cf344c8c1bae7d463e/kubejs-neoforge-26.1.2-8.0.4-mmcr.jar > animated-gif-lib-for-java-animated-gif-lib-1.7.jar)]
[209月2026 21:37:28.872] [main/DEBUG] [mixin/]: Processing inject() for PlatformAgent[MixinPlatformAgentDefault:jar(C:/Users/32254/.gradle/caches/modules-2/files-2.1/dev.latvian.mods/kubejs-neoforge/26.1.2-8.0.4-mmcr/63773a0be1eb7069fd72a1cf344c8c1bae7d463e/kubejs-neoforge-26.1.2-8.0.4-mmcr.jar) > jar(C:/Users/32254/.gradle/caches/modules-2/files-2.1/dev.latvian.mods/kubejs-neoforge/26.1.2-8.0.4-mmcr/63773a0be1eb7069fd72a1cf344c8c1bae7d463e/kubejs-neoforge-26.1.2-8.0.4-mmcr.jar > animated-gif-lib-for-java-animated-gif-lib-1.7.jar)]
[209月2026 21:37:28.873] [main/DEBUG] [mixin/]: Processing inject() for PlatformAgent[MixinPlatformAgentDefault:jar(C:/Users/32254/.gradle/caches/modules-2/files-2.1/dev.latvian.mods/kubejs-neoforge/26.1.2-8.0.4-mmcr/63773a0be1eb7069fd72a1cf344c8c1bae7d463e/kubejs-neoforge-26.1.2-8.0.4-mmcr.jar) > jar(C:/Users/32254/.gradle/caches/modules-2/files-2.1/dev.latvian.mods/kubejs-neoforge/26.1.2-8.0.4-mmcr/63773a0be1eb7069fd72a1cf344c8c1bae7d463e/kubejs-neoforge-26.1.2-8.0.4-mmcr.jar > tiny-java-server-1.0.0-build.45.jar)]
[209月2026 21:37:28.873] [main/DEBUG] [mixin/]: Processing inject() for PlatformAgent[MixinPlatformAgentDefault:jar(C:/Users/32254/.gradle/caches/modules-2/files-2.1/dev.latvian.mods/kubejs-neoforge/26.1.2-8.0.4-mmcr/63773a0be1eb7069fd72a1cf344c8c1bae7d463e/kubejs-neoforge-26.1.2-8.0.4-mmcr.jar) > jar(C:/Users/32254/.gradle/caches/modules-2/files-2.1/dev.latvian.mods/kubejs-neoforge/26.1.2-8.0.4-mmcr/63773a0be1eb7069fd72a1cf344c8c1bae7d463e/kubejs-neoforge-26.1.2-8.0.4-mmcr.jar > tiny-java-server-1.0.0-build.45.jar)]
[209月2026 21:37:28.874] [main/DEBUG] [mixin/]: Processing inject() for PlatformAgent[MixinPlatformAgentDefault:composite(filtered(jar(C:/Users/32254/.gradle/caches/modules-2/files-2.1/net.neoforged/neoforge/26.1.2.109/e379d9f1f45c052061fa6024a5959ad726771408/neoforge-26.1.2.109-universal.jar))) > jar(C:/Users/32254/.gradle/caches/modules-2/files-2.1/net.neoforged/neoforge/26.1.2.109/e379d9f1f45c052061fa6024a5959ad726771408/neoforge-26.1.2.109-universal.jar > net.neoforged.neoforge-coremods-26.1.2.109.jar)]
[209月2026 21:37:28.874] [main/DEBUG] [mixin/]: Processing inject() for PlatformAgent[MixinPlatformAgentDefault:composite(filtered(jar(C:/Users/32254/.gradle/caches/modules-2/files-2.1/net.neoforged/neoforge/26.1.2.109/e379d9f1f45c052061fa6024a5959ad726771408/neoforge-26.1.2.109-universal.jar))) > jar(C:/Users/32254/.gradle/caches/modules-2/files-2.1/net.neoforged/neoforge/26.1.2.109/e379d9f1f45c052061fa6024a5959ad726771408/neoforge-26.1.2.109-universal.jar > net.neoforged.neoforge-coremods-26.1.2.109.jar)]
[209月2026 21:37:28.874] [main/DEBUG] [mixin/]: Processing inject() for PlatformAgent[MixinPlatformAgentDefault:composite(filtered(jar(C:/Users/32254/.gradle/caches/modules-2/files-2.1/net.neoforged/neoforge/26.1.2.109/e379d9f1f45c052061fa6024a5959ad726771408/neoforge-26.1.2.109-universal.jar))) > jar(C:/Users/32254/.gradle/caches/modules-2/files-2.1/net.neoforged/neoforge/26.1.2.109/e379d9f1f45c052061fa6024a5959ad726771408/neoforge-26.1.2.109-universal.jar > mixinextras-neoforge-0.5.4.jar)]
[209月2026 21:37:28.875] [main/DEBUG] [mixin/]: Processing inject() for PlatformAgent[MixinPlatformAgentDefault:composite(filtered(jar(C:/Users/32254/.gradle/caches/modules-2/files-2.1/net.neoforged/neoforge/26.1.2.109/e379d9f1f45c052061fa6024a5959ad726771408/neoforge-26.1.2.109-universal.jar))) > jar(C:/Users/32254/.gradle/caches/modules-2/files-2.1/net.neoforged/neoforge/26.1.2.109/e379d9f1f45c052061fa6024a5959ad726771408/neoforge-26.1.2.109-universal.jar > mixinextras-neoforge-0.5.4.jar)]
[209月2026 21:37:28.881] [main/DEBUG] [mixin/]: Preparing mixins for MixinEnvironment[DEFAULT]
[209月2026 21:37:28.882] [main/DEBUG] [mixin/]: Selecting config jade.mixins.json
[209月2026 21:37:28.891] [main/DEBUG] [mixin/]: Selecting config guideme.mixins.json
[209月2026 21:37:28.893] [main/DEBUG] [mixin/]: Selecting config guideme.optional.mixins.json
[209月2026 21:37:28.894] [main/DEBUG] [mixin/]: Selecting config ae2.mixins.json
[209月2026 21:37:28.899] [main/DEBUG] [mixin/]: Selecting config athena.mixins.json
[209月2026 21:37:28.900] [main/DEBUG] [mixin/]: Selecting config athena-neoforge.mixins.json
[209月2026 21:37:28.901] [main/DEBUG] [mixin/]: Selecting config mmcr.mixins.json
[209月2026 21:37:28.903] [main/DEBUG] [mixin/]: Selecting config mmcr.jei.mixins.json
[209月2026 21:37:28.904] [main/DEBUG] [mixin/]: Selecting config mmcr.kubejs.mixins.json
[209月2026 21:37:28.906] [main/DEBUG] [mixin/]: Selecting config neoforge.mixins.json
[209月2026 21:37:28.907] [main/DEBUG] [mixin/]: Selecting config kubejs.mixins.json
[209月2026 21:37:28.910] [main/DEBUG] [mixin/]: Selecting config betteradvancedtooltips.mixins.json
[209月2026 21:37:28.912] [main/DEBUG] [mixin/]: Selecting config mixinextras.init.mixins.json
[209月2026 21:37:28.967] [main/DEBUG] [MixinExtras|Service/]: com.llamalad7.mixinextras.service.MixinExtrasServiceImpl(version=0.5.4) is taking over from null
[209月2026 21:37:29.021] [main/DEBUG] [mixin/]: Registering new injector for @Inject with org.spongepowered.asm.mixin.injection.struct.CallbackInjectionInfo
[209月2026 21:37:29.024] [main/DEBUG] [mixin/]: Registering new injector for @ModifyArg with org.spongepowered.asm.mixin.injection.struct.ModifyArgInjectionInfo
[209月2026 21:37:29.026] [main/DEBUG] [mixin/]: Registering new injector for @ModifyArgs with org.spongepowered.asm.mixin.injection.struct.ModifyArgsInjectionInfo
[209月2026 21:37:29.028] [main/DEBUG] [mixin/]: Registering new injector for @Redirect with org.spongepowered.asm.mixin.injection.struct.RedirectInjectionInfo
[209月2026 21:37:29.031] [main/DEBUG] [mixin/]: Registering new injector for @ModifyVariable with org.spongepowered.asm.mixin.injection.struct.ModifyVariableInjectionInfo
[209月2026 21:37:29.034] [main/DEBUG] [mixin/]: Registering new injector for @ModifyConstant with org.spongepowered.asm.mixin.injection.struct.ModifyConstantInjectionInfo
[209月2026 21:37:29.053] [main/DEBUG] [mixin/]: Preparing jade.mixins.json (14)
[209月2026 21:37:29.287] [main/DEBUG] [mixin/]: Preparing guideme.mixins.json (0)
[209月2026 21:37:29.287] [main/DEBUG] [mixin/]: Preparing guideme.optional.mixins.json (1)
[209月2026 21:37:29.289] [main/DEBUG] [mixin/]: Preparing ae2.mixins.json (14)
[209月2026 21:37:29.367] [main/DEBUG] [mixin/]: Preparing athena.mixins.json (2)
[209月2026 21:37:29.371] [main/DEBUG] [mixin/]: Preparing athena-neoforge.mixins.json (1)
[209月2026 21:37:29.373] [main/DEBUG] [mixin/]: Preparing mmcr.mixins.json (5)
[209月2026 21:37:29.384] [main/DEBUG] [mixin/]: Preparing mmcr.jei.mixins.json (4)
[209月2026 21:37:29.395] [main/DEBUG] [mixin/]: Preparing mmcr.kubejs.mixins.json (2)
[209月2026 21:37:29.401] [main/DEBUG] [mixin/]: Preparing neoforge.mixins.json (2)
[209月2026 21:37:29.406] [main/DEBUG] [mixin/]: Preparing kubejs.mixins.json (82)
[209月2026 21:37:29.579] [main/DEBUG] [mixin/]: Preparing betteradvancedtooltips.mixins.json (2)
[209月2026 21:37:29.580] [main/DEBUG] [mixin/]: Preparing mixinextras.init.mixins.json (0)
[209月2026 21:37:29.608] [main/DEBUG] [mixin/]: Inner class dev/latvian/mods/kubejs/core/mixin/GameRulesMixin$1 in dev/latvian/mods/kubejs/core/mixin/GameRulesMixin on net/minecraft/world/level/gamerules/GameRules gets unique name net/minecraft/world/level/gamerules/GameRules$Anonymous$2dd8d15201fc34fb8ad01fc5bfc16de0
[209月2026 21:37:29.626] [main/DEBUG] [mixin/]: Prepared 126 mixins in 0.743 sec (5.9ms avg) (0ms load, 0ms transform, 0ms plugin)
[209月2026 21:37:29.709] [main/INFO] [MixinExtras|Service/]: Initializing MixinExtras via com.llamalad7.mixinextras.service.MixinExtrasServiceImpl(version=0.5.4).
[209月2026 21:37:29.711] [main/DEBUG] [mixin/]: Registering new injector for @SugarWrapper with com.llamalad7.mixinextras.sugar.impl.SugarWrapperInjectionInfo
[209月2026 21:37:29.711] [main/DEBUG] [mixin/]: Registering new injector for @FactoryRedirectWrapper with com.llamalad7.mixinextras.wrapper.factory.FactoryRedirectWrapperInjectionInfo
[209月2026 21:37:29.712] [main/DEBUG] [mixin/]: Registering new injector for @ExpressionInjectorWrapper with com.llamalad7.mixinextras.expression.impl.wrapper.ExpressionInjectorWrapperInjectionInfo
[209月2026 21:37:29.738] [main/DEBUG] [mixin/]: Mixing IdentifierMixin from kubejs.mixins.json into net.minecraft.resources.Identifier
[209月2026 21:37:29.848] [main/DEBUG] [mixin/]: Mixing CompoundTagMixin from kubejs.mixins.json into net.minecraft.nbt.CompoundTag
[209月2026 21:37:29.881] [main/DEBUG] [mixin/]: Mixing ExtraCodecsMixin from kubejs.mixins.json into net.minecraft.util.ExtraCodecs
[209月2026 21:37:30.032] [main/DEBUG] [mixin/]: Mixing MutableComponentMixin from kubejs.mixins.json into net.minecraft.network.chat.MutableComponent
[209月2026 21:37:30.037] [main/DEBUG] [mixin/]: Mixing ClickEventMixin from kubejs.mixins.json into net.minecraft.network.chat.ClickEvent
[209月2026 21:37:30.056] [main/DEBUG] [mixin/]: Mixing StringRepresentableMixin from kubejs.mixins.json into net.minecraft.util.StringRepresentable
[209月2026 21:37:30.092] [main/DEBUG] [io.netty.util.internal.logging.InternalLoggerFactory/]: Using SLF4J as the default logging framework
[209月2026 21:37:30.097] [main/DEBUG] [io.netty.util.ResourceLeakDetector/]: -Dio.netty.leakDetection.level: simple
[209月2026 21:37:30.097] [main/DEBUG] [io.netty.util.ResourceLeakDetector/]: -Dio.netty.leakDetection.targetRecords: 4
[209月2026 21:37:30.550] [main/DEBUG] [mixin/]: Mixing UtilMixin from kubejs.mixins.json into net.minecraft.util.Util
[209月2026 21:37:30.555] [main/DEBUG] [mixin/]: kubejs.mixins.json:UtilMixin from mod kubejs->@Inject::shutdownExecutorsKJS(Lorg/spongepowered/asm/mixin/injection/callback/CallbackInfo;)V doesn't use it's CallbackInfo
[209月2026 21:37:30.606] [main/DEBUG] [mixin/]: Mixing ResourceKeyMixin from kubejs.mixins.json into net.minecraft.resources.ResourceKey
[209月2026 21:37:30.608] [main/DEBUG] [mixin/]: kubejs.mixins.json:ResourceKeyMixin from mod kubejs->@Inject::kjs$getKeyStackTraces(Lnet/minecraft/resources/Identifier;Lnet/minecraft/resources/Identifier;Lorg/spongepowered/asm/mixin/injection/callback/CallbackInfo;)V doesn't use it's CallbackInfo
[209月2026 21:37:30.608] [main/DEBUG] [mixin/]: kubejs.mixins.json:ResourceKeyMixin from mod kubejs->@Inject::kjs$getKeyStackTraces(Lnet/minecraft/resources/Identifier;Lnet/minecraft/resources/Identifier;Lorg/spongepowered/asm/mixin/injection/callback/CallbackInfo;)V has 0 override(s) in child classes
[209月2026 21:37:30.608] [main/DEBUG] [mixin/]: kubejs.mixins.json:ResourceKeyMixin from mod kubejs->@Inject::kjs$getKeyStackTraces(Lnet/minecraft/resources/Identifier;Lnet/minecraft/resources/Identifier;Lorg/spongepowered/asm/mixin/injection/callback/CallbackInfo;)V won't be passed a CallbackInfo as a result
[209月2026 21:37:31.438] [Datafixer Bootstrap/INFO] [com.mojang.datafixers.DataFixerBuilder/]: 294 Datafixer optimizations took 368 milliseconds
[209月2026 21:37:31.527] [pool-18-thread-1/DEBUG] [mixin/]: Mixing MappedRegistryAccessor from neoforge.mixins.json into net.minecraft.core.MappedRegistry
[209月2026 21:37:31.528] [pool-18-thread-1/DEBUG] [mixin/]: neoforge.mixins.json:MappedRegistryAccessor from mod neoforge: Class version 69 required is higher than the class version supported by the current version of Mixin (JAVA_21 supports class version 65)
[209月2026 21:37:31.541] [pool-18-thread-1/DEBUG] [mixin/]: Mixing HolderMixin from kubejs.mixins.json into net.minecraft.core.Holder
[209月2026 21:37:31.541] [pool-18-thread-1/DEBUG] [mixin/]: Renaming synthetic method lambda$kjs$isTag$0(Lnet/minecraft/resources/Identifier;Lnet/minecraft/resources/ResourceKey;)Ljava/lang/Boolean; to md7ea979$kubejs$lambda$kjs$isTag$0$0 in kubejs.mixins.json:HolderMixin from mod kubejs
[209月2026 21:37:31.593] [pool-18-thread-1/DEBUG] [mixin/]: Mixing CreativeModeTabMixin from kubejs.mixins.json into net.minecraft.world.item.CreativeModeTab
[209月2026 21:37:31.598] [pool-18-thread-1/DEBUG] [mixin/]: Mixing DataComponentsMixin from kubejs.mixins.json into net.minecraft.core.component.DataComponents
[209月2026 21:37:31.608] [pool-18-thread-1/DEBUG] [mixin/]: Mixing GameRulesMixin from kubejs.mixins.json into net.minecraft.world.level.gamerules.GameRules
[209月2026 21:37:31.636] [pool-18-thread-1/DEBUG] [mixin/]: Mixing BlockMixin from kubejs.mixins.json into net.minecraft.world.level.block.Block
[209月2026 21:37:31.641] [pool-18-thread-1/DEBUG] [mixin/]: kubejs.mixins.json:BlockMixin from mod kubejs->@Inject::kjs$getName(Lorg/spongepowered/asm/mixin/injection/callback/CallbackInfoReturnable;)V does use it's CallbackInfoReturnable
[209月2026 21:37:31.649] [pool-18-thread-1/DEBUG] [mixin/]: Mixing BlockBehaviourMixin from kubejs.mixins.json into net.minecraft.world.level.block.state.BlockBehaviour
[209月2026 21:37:31.652] [pool-18-thread-1/DEBUG] [mixin/]: kubejs.mixins.json:BlockBehaviourMixin from mod kubejs->@Inject::onRandomTick(Lnet/minecraft/world/level/block/state/BlockState;Lnet/minecraft/server/level/ServerLevel;Lnet/minecraft/core/BlockPos;Lnet/minecraft/util/RandomSource;Lorg/spongepowered/asm/mixin/injection/callback/CallbackInfo;)V does use it's CallbackInfo
[209月2026 21:37:31.659] [pool-18-thread-1/DEBUG] [mixin/]: Mixing BlockStateBaseMixin from kubejs.mixins.json into net.minecraft.world.level.block.state.BlockBehaviour$BlockStateBase
[209月2026 21:37:31.662] [pool-18-thread-1/DEBUG] [mixin/]: kubejs.mixins.json:BlockStateBaseMixin from mod kubejs->@Inject::kjs$onRandomTick(Lnet/minecraft/server/level/ServerLevel;Lnet/minecraft/core/BlockPos;Lnet/minecraft/util/RandomSource;Lorg/spongepowered/asm/mixin/injection/callback/CallbackInfo;)V does use it's CallbackInfo
[209月2026 21:37:31.667] [pool-18-thread-1/DEBUG] [mixin/]: Mixing IBlockStateExtensionMixin from kubejs.mixins.json into net.neoforged.neoforge.common.extensions.IBlockStateExtension
[209月2026 21:37:31.670] [pool-18-thread-1/DEBUG] [mixin/]: kubejs.mixins.json:IBlockStateExtensionMixin from mod kubejs->@Inject::kjs$getCloneItemStack(Lnet/minecraft/core/BlockPos;Lnet/minecraft/world/level/LevelReader;ZLnet/minecraft/world/entity/player/Player;Lorg/spongepowered/asm/mixin/injection/callback/CallbackInfoReturnable;)V does use it's CallbackInfoReturnable
[209月2026 21:37:31.679] [pool-18-thread-1/DEBUG] [mixin/]: Mixing EntityAccess from jade.mixins.json into net.minecraft.world.entity.Entity
[209月2026 21:37:31.679] [pool-18-thread-1/DEBUG] [mixin/]: jade.mixins.json:EntityAccess from mod jade: Class version 69 required is higher than the class version supported by the current version of Mixin (JAVA_21 supports class version 65)
[209月2026 21:37:31.680] [pool-18-thread-1/DEBUG] [mixin/]: Mixing EntityMixin from kubejs.mixins.json into net.minecraft.world.entity.Entity
[209月2026 21:37:31.689] [pool-18-thread-1/DEBUG] [mixin/]: kubejs.mixins.json:EntityMixin from mod kubejs->@Inject::saveKJS(Lnet/minecraft/world/level/storage/ValueOutput;Lorg/spongepowered/asm/mixin/injection/callback/CallbackInfo;)V doesn't use it's CallbackInfo
[209月2026 21:37:31.689] [pool-18-thread-1/DEBUG] [mixin/]: kubejs.mixins.json:EntityMixin from mod kubejs->@Inject::saveKJS(Lnet/minecraft/world/level/storage/ValueOutput;Lorg/spongepowered/asm/mixin/injection/callback/CallbackInfo;)V has 0 override(s) in child classes
[209月2026 21:37:31.689] [pool-18-thread-1/DEBUG] [mixin/]: kubejs.mixins.json:EntityMixin from mod kubejs->@Inject::saveKJS(Lnet/minecraft/world/level/storage/ValueOutput;Lorg/spongepowered/asm/mixin/injection/callback/CallbackInfo;)V won't be passed a CallbackInfo as a result
[209月2026 21:37:31.689] [pool-18-thread-1/DEBUG] [mixin/]: kubejs.mixins.json:EntityMixin from mod kubejs->@Inject::loadKJS(Lnet/minecraft/world/level/storage/ValueInput;Lorg/spongepowered/asm/mixin/injection/callback/CallbackInfo;)V doesn't use it's CallbackInfo
[209月2026 21:37:31.689] [pool-18-thread-1/DEBUG] [mixin/]: kubejs.mixins.json:EntityMixin from mod kubejs->@Inject::loadKJS(Lnet/minecraft/world/level/storage/ValueInput;Lorg/spongepowered/asm/mixin/injection/callback/CallbackInfo;)V has 0 override(s) in child classes
[209月2026 21:37:31.689] [pool-18-thread-1/DEBUG] [mixin/]: kubejs.mixins.json:EntityMixin from mod kubejs->@Inject::loadKJS(Lnet/minecraft/world/level/storage/ValueInput;Lorg/spongepowered/asm/mixin/injection/callback/CallbackInfo;)V won't be passed a CallbackInfo as a result
[209月2026 21:37:31.725] [pool-18-thread-1/DEBUG] [mixin/]: Mixing LivingEntityMixin from jade.mixins.json into net.minecraft.world.entity.LivingEntity
[209月2026 21:37:31.725] [pool-18-thread-1/DEBUG] [mixin/]: jade.mixins.json:LivingEntityMixin from mod jade: Class version 69 required is higher than the class version supported by the current version of Mixin (JAVA_21 supports class version 65)
[209月2026 21:37:31.727] [pool-18-thread-1/DEBUG] [mixin/]: jade.mixins.json:LivingEntityMixin from mod jade->@Inject::jade$addEffect(Lnet/minecraft/world/effect/MobEffectInstance;Lnet/minecraft/world/entity/Entity;Lorg/spongepowered/asm/mixin/injection/callback/CallbackInfoReturnable;)V doesn't use it's CallbackInfoReturnable
[209月2026 21:37:31.727] [pool-18-thread-1/DEBUG] [mixin/]: jade.mixins.json:LivingEntityMixin from mod jade->@Inject::jade$addEffect(Lnet/minecraft/world/effect/MobEffectInstance;Lnet/minecraft/world/entity/Entity;Lorg/spongepowered/asm/mixin/injection/callback/CallbackInfoReturnable;)V has 0 override(s) in child classes
[209月2026 21:37:31.727] [pool-18-thread-1/DEBUG] [mixin/]: jade.mixins.json:LivingEntityMixin from mod jade->@Inject::jade$addEffect(Lnet/minecraft/world/effect/MobEffectInstance;Lnet/minecraft/world/entity/Entity;Lorg/spongepowered/asm/mixin/injection/callback/CallbackInfoReturnable;)V won't be passed a CallbackInfoReturnable as a result
[209月2026 21:37:31.750] [pool-18-thread-1/DEBUG] [mixin/]: Mixing PlayerMixin from kubejs.mixins.json into net.minecraft.world.entity.player.Player
[209月2026 21:37:31.763] [pool-18-thread-1/DEBUG] [mixin/]: Mixing LevelAccessorMixin from kubejs.mixins.json into net.minecraft.world.level.LevelAccessor
[209月2026 21:37:31.766] [pool-18-thread-1/DEBUG] [mixin/]: Mixing EntityGetterMixin from kubejs.mixins.json into net.minecraft.world.level.EntityGetter
[209月2026 21:37:31.778] [pool-18-thread-1/DEBUG] [mixin/]: Mixing LevelMixin from kubejs.mixins.json into net.minecraft.world.level.Level
[209月2026 21:37:31.788] [pool-18-thread-1/DEBUG] [mixin/]: Mixing ServerLevelMixin from kubejs.mixins.json into net.minecraft.server.level.ServerLevel
[209月2026 21:37:31.813] [pool-18-thread-1/DEBUG] [mixin/]: Mixing ItemEntityMixin from ae2.mixins.json into net.minecraft.world.entity.item.ItemEntity
[209月2026 21:37:31.813] [pool-18-thread-1/DEBUG] [mixin/]: ae2.mixins.json:ItemEntityMixin from mod ae2: Class version 69 required is higher than the class version supported by the current version of Mixin (JAVA_11 supports class version 55)
[209月2026 21:37:31.815] [pool-18-thread-1/DEBUG] [mixin/]: Renaming synthetic method lambda$handleEntityTransform$0(Lnet/minecraft/world/level/material/FluidState;Lappeng/recipes/transform/TransformCircumstance;)Z to md7ea979$ae2$lambda$handleEntityTransform$0$0 in ae2.mixins.json:ItemEntityMixin from mod ae2
[209月2026 21:37:31.818] [pool-18-thread-1/DEBUG] [mixin/]: Mixing ItemEntityMixin from kubejs.mixins.json into net.minecraft.world.entity.item.ItemEntity
[209月2026 21:37:31.820] [pool-18-thread-1/DEBUG] [mixin/]: ae2.mixins.json:ItemEntityMixin from mod ae2->@Inject::handleExplosion(Lnet/minecraft/server/level/ServerLevel;Lnet/minecraft/world/damagesource/DamageSource;FLorg/spongepowered/asm/mixin/injection/callback/CallbackInfoReturnable;)V does use it's CallbackInfoReturnable
[209月2026 21:37:31.820] [pool-18-thread-1/DEBUG] [mixin/]: ae2.mixins.json:ItemEntityMixin from mod ae2->@Inject::handleEntityTransform(Lorg/spongepowered/asm/mixin/injection/callback/CallbackInfo;)V doesn't use it's CallbackInfo
[209月2026 21:37:31.820] [pool-18-thread-1/DEBUG] [mixin/]: ae2.mixins.json:ItemEntityMixin from mod ae2->@Inject::handleEntityTransform(Lorg/spongepowered/asm/mixin/injection/callback/CallbackInfo;)V has 0 override(s) in child classes
[209月2026 21:37:31.820] [pool-18-thread-1/DEBUG] [mixin/]: ae2.mixins.json:ItemEntityMixin from mod ae2->@Inject::handleEntityTransform(Lorg/spongepowered/asm/mixin/injection/callback/CallbackInfo;)V won't be passed a CallbackInfo as a result
[209月2026 21:37:31.821] [pool-18-thread-1/DEBUG] [mixin/]: ae2.mixins.json:ItemEntityMixin from mod ae2->@Inject::handleEntityTransform(Lorg/spongepowered/asm/mixin/injection/callback/CallbackInfo;)V doesn't use it's CallbackInfo
[209月2026 21:37:31.821] [pool-18-thread-1/DEBUG] [mixin/]: ae2.mixins.json:ItemEntityMixin from mod ae2->@Inject::handleEntityTransform(Lorg/spongepowered/asm/mixin/injection/callback/CallbackInfo;)V has 0 override(s) in child classes
[209月2026 21:37:31.821] [pool-18-thread-1/DEBUG] [mixin/]: ae2.mixins.json:ItemEntityMixin from mod ae2->@Inject::handleEntityTransform(Lorg/spongepowered/asm/mixin/injection/callback/CallbackInfo;)V won't be passed a CallbackInfo as a result
[209月2026 21:37:31.826] [pool-18-thread-1/DEBUG] [mixin/]: Mixing DirectionMixin from kubejs.mixins.json into net.minecraft.core.Direction
[209月2026 21:37:32.070] [pool-18-thread-1/DEBUG] [mixin/]: Mixing EntityTypeMixin from kubejs.mixins.json into net.minecraft.world.entity.EntityType
[209月2026 21:37:32.097] [pool-18-thread-1/DEBUG] [mixin/]: Mixing FluidMixin from kubejs.mixins.json into net.minecraft.world.level.material.Fluid
[209月2026 21:37:32.149] [pool-18-thread-1/DEBUG] [mixin/]: Mixing FallingBlockEntityMixin from kubejs.mixins.json into net.minecraft.world.entity.item.FallingBlockEntity
[209月2026 21:37:32.196] [pool-18-thread-1/DEBUG] [mixin/]: kubejs.mixins.json:FallingBlockEntityMixin from mod kubejs->@Inject::kjs$fallStart(Lnet/minecraft/world/level/Level;Lnet/minecraft/core/BlockPos;Lnet/minecraft/world/level/block/state/BlockState;Lorg/spongepowered/asm/mixin/injection/callback/CallbackInfoReturnable;)V does use it's CallbackInfoReturnable
[209月2026 21:37:32.198] [pool-18-thread-1/DEBUG] [mixin/]: kubejs.mixins.json:FallingBlockEntityMixin from mod kubejs->@Inject::kjs$captureFallSpeed(Lorg/spongepowered/asm/mixin/injection/callback/CallbackInfo;)V doesn't use it's CallbackInfo
[209月2026 21:37:32.198] [pool-18-thread-1/DEBUG] [mixin/]: kubejs.mixins.json:FallingBlockEntityMixin from mod kubejs->@Inject::kjs$captureFallSpeed(Lorg/spongepowered/asm/mixin/injection/callback/CallbackInfo;)V has 0 override(s) in child classes
[209月2026 21:37:32.198] [pool-18-thread-1/DEBUG] [mixin/]: kubejs.mixins.json:FallingBlockEntityMixin from mod kubejs->@Inject::kjs$captureFallSpeed(Lorg/spongepowered/asm/mixin/injection/callback/CallbackInfo;)V won't be passed a CallbackInfo as a result
[209月2026 21:37:32.198] [pool-18-thread-1/DEBUG] [mixin/]: kubejs.mixins.json:FallingBlockEntityMixin from mod kubejs->@Inject::kjs$fallEnd(Lorg/spongepowered/asm/mixin/injection/callback/CallbackInfo;)V doesn't use it's CallbackInfo
[209月2026 21:37:32.198] [pool-18-thread-1/DEBUG] [mixin/]: kubejs.mixins.json:FallingBlockEntityMixin from mod kubejs->@Inject::kjs$fallEnd(Lorg/spongepowered/asm/mixin/injection/callback/CallbackInfo;)V has 0 override(s) in child classes
[209月2026 21:37:32.198] [pool-18-thread-1/DEBUG] [mixin/]: kubejs.mixins.json:FallingBlockEntityMixin from mod kubejs->@Inject::kjs$fallEnd(Lorg/spongepowered/asm/mixin/injection/callback/CallbackInfo;)V won't be passed a CallbackInfo as a result
[209月2026 21:37:32.244] [pool-18-thread-1/DEBUG] [mixin/]: Mixing ContainerMixin from kubejs.mixins.json into net.minecraft.world.Container
[209月2026 21:37:32.256] [pool-18-thread-1/DEBUG] [mixin/]: Mixing DyeColorMixin from kubejs.mixins.json into net.minecraft.world.item.DyeColor
[209月2026 21:37:32.260] [pool-18-thread-1/DEBUG] [mixin/]: Mixing RecipeInputMixin from kubejs.mixins.json into net.minecraft.world.item.crafting.RecipeInput
[209月2026 21:37:32.389] [pool-18-thread-1/DEBUG] [mixin/]: Mixing ChatFormattingMixin from kubejs.mixins.json into net.minecraft.ChatFormatting
[209月2026 21:37:32.393] [pool-18-thread-1/DEBUG] [mixin/]: Mixing MobEffectInstanceMixin from jade.mixins.json into net.minecraft.world.effect.MobEffectInstance
[209月2026 21:37:32.393] [pool-18-thread-1/DEBUG] [mixin/]: jade.mixins.json:MobEffectInstanceMixin from mod jade: Class version 69 required is higher than the class version supported by the current version of Mixin (JAVA_21 supports class version 65)
[209月2026 21:37:32.395] [pool-18-thread-1/DEBUG] [mixin/]: jade.mixins.json:MobEffectInstanceMixin from mod jade->@Inject::jade$onEffectAdded(Lnet/minecraft/world/entity/LivingEntity;Lorg/spongepowered/asm/mixin/injection/callback/CallbackInfo;)V doesn't use it's CallbackInfo
[209月2026 21:37:32.395] [pool-18-thread-1/DEBUG] [mixin/]: jade.mixins.json:MobEffectInstanceMixin from mod jade->@Inject::jade$onEffectAdded(Lnet/minecraft/world/entity/LivingEntity;Lorg/spongepowered/asm/mixin/injection/callback/CallbackInfo;)V has 0 override(s) in child classes
[209月2026 21:37:32.395] [pool-18-thread-1/DEBUG] [mixin/]: jade.mixins.json:MobEffectInstanceMixin from mod jade->@Inject::jade$onEffectAdded(Lnet/minecraft/world/entity/LivingEntity;Lorg/spongepowered/asm/mixin/injection/callback/CallbackInfo;)V won't be passed a CallbackInfo as a result
[209月2026 21:37:32.404] [pool-18-thread-1/DEBUG] [mixin/]: Mixing TextColorMixin from kubejs.mixins.json into net.minecraft.network.chat.TextColor
[209月2026 21:37:32.459] [pool-18-thread-1/DEBUG] [mixin/]: Mixing BlockEntityTypeAccessor from neoforge.mixins.json into net.minecraft.world.level.block.entity.BlockEntityType
[209月2026 21:37:32.459] [pool-18-thread-1/DEBUG] [mixin/]: neoforge.mixins.json:BlockEntityTypeAccessor from mod neoforge: Class version 69 required is higher than the class version supported by the current version of Mixin (JAVA_21 supports class version 65)
[209月2026 21:37:32.836] [pool-18-thread-1/DEBUG] [mixin/]: Mixing AnvilMenuMixin from ae2.mixins.json into net.minecraft.world.inventory.AnvilMenu
[209月2026 21:37:32.839] [pool-18-thread-1/DEBUG] [mixin/]: ae2.mixins.json:AnvilMenuMixin from mod ae2: Class version 69 required is higher than the class version supported by the current version of Mixin (JAVA_11 supports class version 55)
[209月2026 21:37:33.083] [pool-18-thread-1/DEBUG] [mixin/]: Mixing tests.TestInstanceBlockEntityMixin from ae2.mixins.json into net.minecraft.world.level.block.entity.TestInstanceBlockEntity
[209月2026 21:37:33.084] [pool-18-thread-1/DEBUG] [mixin/]: ae2.mixins.json:tests.TestInstanceBlockEntityMixin from mod ae2: Class version 69 required is higher than the class version supported by the current version of Mixin (JAVA_11 supports class version 55)
[209月2026 21:37:33.086] [pool-18-thread-1/DEBUG] [mixin/]: ae2.mixins.json:tests.TestInstanceBlockEntityMixin from mod ae2->@Inject::placeStructure(Lnet/minecraft/server/level/ServerLevel;Lnet/minecraft/world/level/levelgen/structure/templatesystem/StructureTemplate;Lorg/spongepowered/asm/mixin/injection/callback/CallbackInfo;)V doesn't use it's CallbackInfo
[209月2026 21:37:33.086] [pool-18-thread-1/DEBUG] [mixin/]: ae2.mixins.json:tests.TestInstanceBlockEntityMixin from mod ae2->@Inject::placeStructure(Lnet/minecraft/server/level/ServerLevel;Lnet/minecraft/world/level/levelgen/structure/templatesystem/StructureTemplate;Lorg/spongepowered/asm/mixin/injection/callback/CallbackInfo;)V has 0 override(s) in child classes
[209月2026 21:37:33.086] [pool-18-thread-1/DEBUG] [mixin/]: ae2.mixins.json:tests.TestInstanceBlockEntityMixin from mod ae2->@Inject::placeStructure(Lnet/minecraft/server/level/ServerLevel;Lnet/minecraft/world/level/levelgen/structure/templatesystem/StructureTemplate;Lorg/spongepowered/asm/mixin/injection/callback/CallbackInfo;)V won't be passed a CallbackInfo as a result
[209月2026 21:37:33.282] [pool-18-thread-1/DEBUG] [mixin/]: Mixing ItemStackMixin from kubejs.mixins.json into net.minecraft.world.item.ItemStack
[209月2026 21:37:33.286] [pool-18-thread-1/DEBUG] [mixin/]: Mixing ItemStackMixin from betteradvancedtooltips.mixins.json into net.minecraft.world.item.ItemStack
[209月2026 21:37:33.286] [pool-18-thread-1/DEBUG] [mixin/]: betteradvancedtooltips.mixins.json:ItemStackMixin from mod betteradvancedtooltips: Class version 69 required is higher than the class version supported by the current version of Mixin (JAVA_21 supports class version 65)
[209月2026 21:37:33.287] [pool-18-thread-1/DEBUG] [mixin/]: kubejs.mixins.json:ItemStackMixin from mod kubejs->@Inject::kjs$onConsume(ILnet/minecraft/world/entity/LivingEntity;Lorg/spongepowered/asm/mixin/injection/callback/CallbackInfo;)V doesn't use it's CallbackInfo
[209月2026 21:37:33.294] [pool-18-thread-1/DEBUG] [mixin/]: Mixing MutableDataComponentHolderMixin from kubejs.mixins.json into net.neoforged.neoforge.common.MutableDataComponentHolder
[209月2026 21:37:33.304] [pool-18-thread-1/DEBUG] [mixin/]: Mixing ServerPlayerMixin from jade.mixins.json into net.minecraft.server.level.ServerPlayer
[209月2026 21:37:33.306] [pool-18-thread-1/DEBUG] [mixin/]: jade.mixins.json:ServerPlayerMixin from mod jade: Class version 69 required is higher than the class version supported by the current version of Mixin (JAVA_21 supports class version 65)
[209月2026 21:37:33.306] [pool-18-thread-1/DEBUG] [mixin/]: Mixing ServerPlayerMixin from kubejs.mixins.json into net.minecraft.server.level.ServerPlayer
[209月2026 21:37:33.335] [pool-18-thread-1/DEBUG] [mixin/]: Mixing DataComponentMapBuilderMixin from kubejs.mixins.json into net.minecraft.core.component.DataComponentMap$Builder
[209月2026 21:37:33.796] [pool-18-thread-1/DEBUG] [mixin/]: Mixing ItemMixin from kubejs.mixins.json into net.minecraft.world.item.Item
[209月2026 21:37:33.802] [pool-18-thread-1/DEBUG] [mixin/]: kubejs.mixins.json:ItemMixin from mod kubejs->@Inject::isFoil(Lnet/minecraft/world/item/ItemStack;Lorg/spongepowered/asm/mixin/injection/callback/CallbackInfoReturnable;)V does use it's CallbackInfoReturnable
[209月2026 21:37:33.802] [pool-18-thread-1/DEBUG] [mixin/]: kubejs.mixins.json:ItemMixin from mod kubejs->@Inject::appendHoverText(Lnet/minecraft/world/item/ItemStack;Lnet/minecraft/world/item/Item$TooltipContext;Lnet/minecraft/world/item/component/TooltipDisplay;Ljava/util/function/Consumer;Lnet/minecraft/world/item/TooltipFlag;Lorg/spongepowered/asm/mixin/injection/callback/CallbackInfo;)V doesn't use it's CallbackInfo
[209月2026 21:37:33.802] [pool-18-thread-1/DEBUG] [mixin/]: kubejs.mixins.json:ItemMixin from mod kubejs->@Inject::appendHoverText(Lnet/minecraft/world/item/ItemStack;Lnet/minecraft/world/item/Item$TooltipContext;Lnet/minecraft/world/item/component/TooltipDisplay;Ljava/util/function/Consumer;Lnet/minecraft/world/item/TooltipFlag;Lorg/spongepowered/asm/mixin/injection/callback/CallbackInfo;)V has 0 override(s) in child classes
[209月2026 21:37:33.802] [pool-18-thread-1/DEBUG] [mixin/]: kubejs.mixins.json:ItemMixin from mod kubejs->@Inject::appendHoverText(Lnet/minecraft/world/item/ItemStack;Lnet/minecraft/world/item/Item$TooltipContext;Lnet/minecraft/world/item/component/TooltipDisplay;Ljava/util/function/Consumer;Lnet/minecraft/world/item/TooltipFlag;Lorg/spongepowered/asm/mixin/injection/callback/CallbackInfo;)V won't be passed a CallbackInfo as a result
[209月2026 21:37:33.802] [pool-18-thread-1/DEBUG] [mixin/]: kubejs.mixins.json:ItemMixin from mod kubejs->@Inject::isBarVisible(Lnet/minecraft/world/item/ItemStack;Lorg/spongepowered/asm/mixin/injection/callback/CallbackInfoReturnable;)V does use it's CallbackInfoReturnable
[209月2026 21:37:33.802] [pool-18-thread-1/DEBUG] [mixin/]: kubejs.mixins.json:ItemMixin from mod kubejs->@Inject::getBarWidth(Lnet/minecraft/world/item/ItemStack;Lorg/spongepowered/asm/mixin/injection/callback/CallbackInfoReturnable;)V does use it's CallbackInfoReturnable
[209月2026 21:37:33.802] [pool-18-thread-1/DEBUG] [mixin/]: kubejs.mixins.json:ItemMixin from mod kubejs->@Inject::getBarColor(Lnet/minecraft/world/item/ItemStack;Lorg/spongepowered/asm/mixin/injection/callback/CallbackInfoReturnable;)V does use it's CallbackInfoReturnable
[209月2026 21:37:33.803] [pool-18-thread-1/DEBUG] [mixin/]: kubejs.mixins.json:ItemMixin from mod kubejs->@Inject::getUseDuration(Lnet/minecraft/world/item/ItemStack;Lnet/minecraft/world/entity/LivingEntity;Lorg/spongepowered/asm/mixin/injection/callback/CallbackInfoReturnable;)V does use it's CallbackInfoReturnable
[209月2026 21:37:33.803] [pool-18-thread-1/DEBUG] [mixin/]: kubejs.mixins.json:ItemMixin from mod kubejs->@Inject::getUseAnimation(Lnet/minecraft/world/item/ItemStack;Lorg/spongepowered/asm/mixin/injection/callback/CallbackInfoReturnable;)V does use it's CallbackInfoReturnable
[209月2026 21:37:33.803] [pool-18-thread-1/DEBUG] [mixin/]: kubejs.mixins.json:ItemMixin from mod kubejs->@Inject::getName(Lnet/minecraft/world/item/ItemStack;Lorg/spongepowered/asm/mixin/injection/callback/CallbackInfoReturnable;)V does use it's CallbackInfoReturnable
[209月2026 21:37:33.803] [pool-18-thread-1/DEBUG] [mixin/]: kubejs.mixins.json:ItemMixin from mod kubejs->@Inject::use(Lnet/minecraft/world/level/Level;Lnet/minecraft/world/entity/player/Player;Lnet/minecraft/world/InteractionHand;Lorg/spongepowered/asm/mixin/injection/callback/CallbackInfoReturnable;)V does use it's CallbackInfoReturnable
[209月2026 21:37:33.803] [pool-18-thread-1/DEBUG] [mixin/]: kubejs.mixins.json:ItemMixin from mod kubejs->@Inject::finishUsingItem(Lnet/minecraft/world/item/ItemStack;Lnet/minecraft/world/level/Level;Lnet/minecraft/world/entity/LivingEntity;Lorg/spongepowered/asm/mixin/injection/callback/CallbackInfoReturnable;)V does use it's CallbackInfoReturnable
[209月2026 21:37:33.803] [pool-18-thread-1/DEBUG] [mixin/]: kubejs.mixins.json:ItemMixin from mod kubejs->@Inject::releaseUsing(Lnet/minecraft/world/item/ItemStack;Lnet/minecraft/world/level/Level;Lnet/minecraft/world/entity/LivingEntity;ILorg/spongepowered/asm/mixin/injection/callback/CallbackInfoReturnable;)V doesn't use it's CallbackInfoReturnable
[209月2026 21:37:33.803] [pool-18-thread-1/DEBUG] [mixin/]: kubejs.mixins.json:ItemMixin from mod kubejs->@Inject::releaseUsing(Lnet/minecraft/world/item/ItemStack;Lnet/minecraft/world/level/Level;Lnet/minecraft/world/entity/LivingEntity;ILorg/spongepowered/asm/mixin/injection/callback/CallbackInfoReturnable;)V has 0 override(s) in child classes
[209月2026 21:37:33.803] [pool-18-thread-1/DEBUG] [mixin/]: kubejs.mixins.json:ItemMixin from mod kubejs->@Inject::releaseUsing(Lnet/minecraft/world/item/ItemStack;Lnet/minecraft/world/level/Level;Lnet/minecraft/world/entity/LivingEntity;ILorg/spongepowered/asm/mixin/injection/callback/CallbackInfoReturnable;)V won't be passed a CallbackInfoReturnable as a result
[209月2026 21:37:33.803] [pool-18-thread-1/DEBUG] [mixin/]: kubejs.mixins.json:ItemMixin from mod kubejs->@Inject::hurtEnemy(Lnet/minecraft/world/item/ItemStack;Lnet/minecraft/world/entity/LivingEntity;Lnet/minecraft/world/entity/LivingEntity;Lorg/spongepowered/asm/mixin/injection/callback/CallbackInfo;)V doesn't use it's CallbackInfo
[209月2026 21:37:33.803] [pool-18-thread-1/DEBUG] [mixin/]: kubejs.mixins.json:ItemMixin from mod kubejs->@Inject::hurtEnemy(Lnet/minecraft/world/item/ItemStack;Lnet/minecraft/world/entity/LivingEntity;Lnet/minecraft/world/entity/LivingEntity;Lorg/spongepowered/asm/mixin/injection/callback/CallbackInfo;)V has 0 override(s) in child classes
[209月2026 21:37:33.803] [pool-18-thread-1/DEBUG] [mixin/]: kubejs.mixins.json:ItemMixin from mod kubejs->@Inject::hurtEnemy(Lnet/minecraft/world/item/ItemStack;Lnet/minecraft/world/entity/LivingEntity;Lnet/minecraft/world/entity/LivingEntity;Lorg/spongepowered/asm/mixin/injection/callback/CallbackInfo;)V won't be passed a CallbackInfo as a result
[209月2026 21:37:33.805] [pool-18-thread-1/DEBUG] [mixin/]: Mixing IItemExtensionMixin from kubejs.mixins.json into net.neoforged.neoforge.common.extensions.IItemExtension
[209月2026 21:37:33.807] [pool-18-thread-1/DEBUG] [mixin/]: kubejs.mixins.json:IItemExtensionMixin from mod kubejs->@Inject::isPiglinCurrency(Lnet/minecraft/world/item/ItemStack;Lorg/spongepowered/asm/mixin/injection/callback/CallbackInfoReturnable;)V does use it's CallbackInfoReturnable
[209月2026 21:37:33.807] [pool-18-thread-1/DEBUG] [mixin/]: kubejs.mixins.json:IItemExtensionMixin from mod kubejs->@Inject::isGazeDisguise(Lnet/minecraft/world/item/ItemStack;Lnet/minecraft/world/entity/player/Player;Lnet/minecraft/world/entity/LivingEntity;Lorg/spongepowered/asm/mixin/injection/callback/CallbackInfoReturnable;)V does use it's CallbackInfoReturnable
[209月2026 21:37:33.808] [pool-18-thread-1/DEBUG] [mixin/]: kubejs.mixins.json:IItemExtensionMixin from mod kubejs->@Inject::makesPiglinsNeutral(Lnet/minecraft/world/item/ItemStack;Lnet/minecraft/world/entity/LivingEntity;Lorg/spongepowered/asm/mixin/injection/callback/CallbackInfoReturnable;)V does use it's CallbackInfoReturnable
[209月2026 21:37:33.808] [pool-18-thread-1/DEBUG] [mixin/]: kubejs.mixins.json:IItemExtensionMixin from mod kubejs->@Inject::getCraftingRemainder(Lnet/minecraft/world/item/ItemInstance;Lorg/spongepowered/asm/mixin/injection/callback/CallbackInfoReturnable;)V does use it's CallbackInfoReturnable
[209月2026 21:37:33.808] [pool-18-thread-1/DEBUG] [mixin/]: kubejs.mixins.json:IItemExtensionMixin from mod kubejs->@Inject::getEntityLifespan(Lnet/minecraft/world/item/ItemStack;Lnet/minecraft/world/level/Level;Lorg/spongepowered/asm/mixin/injection/callback/CallbackInfoReturnable;)V does use it's CallbackInfoReturnable
[209月2026 21:37:33.808] [pool-18-thread-1/DEBUG] [mixin/]: kubejs.mixins.json:IItemExtensionMixin from mod kubejs->@Inject::canWalkOnPowderedSnow(Lnet/minecraft/world/item/ItemStack;Lnet/minecraft/world/entity/LivingEntity;Lorg/spongepowered/asm/mixin/injection/callback/CallbackInfoReturnable;)V does use it's CallbackInfoReturnable
[209月2026 21:37:33.808] [pool-18-thread-1/DEBUG] [mixin/]: kubejs.mixins.json:IItemExtensionMixin from mod kubejs->@Inject::canPerformAction(Lnet/minecraft/world/item/ItemInstance;Lnet/neoforged/neoforge/common/ItemAbility;Lorg/spongepowered/asm/mixin/injection/callback/CallbackInfoReturnable;)V does use it's CallbackInfoReturnable
[209月2026 21:37:33.808] [pool-18-thread-1/DEBUG] [mixin/]: kubejs.mixins.json:IItemExtensionMixin from mod kubejs->@Inject::canBeHurtBy(Lnet/minecraft/world/item/ItemStack;Lnet/minecraft/world/damagesource/DamageSource;Lorg/spongepowered/asm/mixin/injection/callback/CallbackInfoReturnable;)V does use it's CallbackInfoReturnable
[209月2026 21:37:33.809] [pool-18-thread-1/DEBUG] [mixin/]: kubejs.mixins.json:IItemExtensionMixin from mod kubejs->@Inject::applyEnchantments(Lnet/minecraft/world/item/ItemStack;Ljava/util/List;Lorg/spongepowered/asm/mixin/injection/callback/CallbackInfoReturnable;)V does use it's CallbackInfoReturnable
[209月2026 21:37:33.857] [pool-18-thread-1/DEBUG] [mixin/]: Mixing NumericTagMixin from kubejs.mixins.json into net.minecraft.nbt.NumericTag
[209月2026 21:37:33.860] [pool-18-thread-1/DEBUG] [mixin/]: Mixing CollectionTagMixin from kubejs.mixins.json into net.minecraft.nbt.CollectionTag
[209月2026 21:37:33.905] [pool-18-thread-1/DEBUG] [mixin/]: Mixing DamageSourceMixin from kubejs.mixins.json into net.minecraft.world.damagesource.DamageSource
[209月2026 21:37:34.194] [pool-18-thread-1/DEBUG] [mixin/]: Mixing AbstractHorseAccess from jade.mixins.json into net.minecraft.world.entity.animal.equine.AbstractHorse
[209月2026 21:37:34.198] [pool-18-thread-1/DEBUG] [mixin/]: jade.mixins.json:AbstractHorseAccess from mod jade: Class version 69 required is higher than the class version supported by the current version of Mixin (JAVA_21 supports class version 65)
[209月2026 21:37:34.331] [pool-18-thread-1/DEBUG] [mixin/]: Mixing FireworkRocketEntityMixin from kubejs.mixins.json into net.minecraft.world.entity.projectile.FireworkRocketEntity
[209月2026 21:37:34.356] [pool-18-thread-1/DEBUG] [mixin/]: Mixing ItemFrameEntityMixin from kubejs.mixins.json into net.minecraft.world.entity.decoration.ItemFrame
[209月2026 21:37:35.075] [pool-18-thread-1/DEBUG] [mixin/]: Mixing MenuTypeMixin from kubejs.mixins.json into net.minecraft.world.inventory.MenuType
[209月2026 21:37:35.097] [pool-18-thread-1/DEBUG] [mixin/]: Mixing IngredientMixin from kubejs.mixins.json into net.minecraft.world.item.crafting.Ingredient
[209月2026 21:37:35.106] [pool-18-thread-1/DEBUG] [mixin/]: Mixing ICustomIngredientMixin from kubejs.mixins.json into net.neoforged.neoforge.common.crafting.ICustomIngredient
[209月2026 21:37:35.857] [main/DEBUG] [mixin/]: Mixing CommandSourceStackMixin from kubejs.mixins.json into net.minecraft.commands.CommandSourceStack
[209月2026 21:37:35.857] [main/DEBUG] [mixin/]: Renaming synthetic method lambda$kjs$sendSuccess$0(Lnet/minecraft/network/chat/Component;)Lnet/minecraft/network/chat/Component; to md7ea979$kubejs$lambda$kjs$sendSuccess$0$0 in kubejs.mixins.json:CommandSourceStackMixin from mod kubejs
[209月2026 21:37:35.926] [main/DEBUG] [mixin/]: Mixing StringTagMixin from kubejs.mixins.json into net.minecraft.nbt.StringTag
[209月2026 21:37:36.268] [main/DEBUG] [mixin/]: Mixing tests.TestCommandMixin from ae2.mixins.json into net.minecraft.gametest.framework.TestCommand
[209月2026 21:37:36.268] [main/DEBUG] [mixin/]: ae2.mixins.json:tests.TestCommandMixin from mod ae2: Class version 69 required is higher than the class version supported by the current version of Mixin (JAVA_11 supports class version 55)
[209月2026 21:37:36.269] [main/DEBUG] [mixin/]: ae2.mixins.json:tests.TestCommandMixin from mod ae2->@Inject::verifyStructureExists(Lnet/minecraft/commands/CommandSourceStack;Lnet/minecraft/resources/Identifier;Lorg/spongepowered/asm/mixin/injection/callback/CallbackInfoReturnable;)V does use it's CallbackInfoReturnable
[209月2026 21:37:36.369] [main/DEBUG] [mixin/]: Mixing DataComponentPatchBuilderMixin from kubejs.mixins.json into net.minecraft.core.component.DataComponentPatch$Builder
[209月2026 21:37:36.378] [main/WARN] [net.minecraft.commands.Commands/]: Ambiguity between arguments [teleport, location] and [teleport, destination] with inputs: [0.1 -0.5 .9, 0 0 0]
[209月2026 21:37:36.380] [main/WARN] [net.minecraft.commands.Commands/]: Ambiguity between arguments [teleport, location] and [teleport, targets] with inputs: [0.1 -0.5 .9, 0 0 0]
[209月2026 21:37:36.382] [main/WARN] [net.minecraft.commands.Commands/]: Ambiguity between arguments [teleport, destination] and [teleport, targets] with inputs: [Player, 0123, @e, dd12be42-52a9-4a91-a8a1-11c01849e498]
[209月2026 21:37:36.384] [main/WARN] [net.minecraft.commands.Commands/]: Ambiguity between arguments [teleport, targets] and [teleport, destination] with inputs: [Player, 0123, dd12be42-52a9-4a91-a8a1-11c01849e498]
[209月2026 21:37:36.385] [main/WARN] [net.minecraft.commands.Commands/]: Ambiguity between arguments [teleport, targets, location] and [teleport, targets, destination] with inputs: [0.1 -0.5 .9, 0 0 0]
[209月2026 21:37:36.386] [main/WARN] [net.minecraft.commands.Commands/]: Ambiguity between arguments [time, set, time] and [time, set, timemarker] with inputs: [0, 0s, 0d, 0t]
[209月2026 21:37:36.387] [main/WARN] [net.minecraft.commands.Commands/]: Ambiguity between arguments [time, set, timemarker] and [time, set, time] with inputs: [012]
[209月2026 21:37:36.388] [main/WARN] [net.minecraft.commands.Commands/]: Ambiguity between arguments [time, of, clock, set, time] and [time, of, clock, set, timemarker] with inputs: [0, 0s, 0d, 0t]
[209月2026 21:37:36.390] [main/WARN] [net.minecraft.commands.Commands/]: Ambiguity between arguments [time, of, clock, set, timemarker] and [time, of, clock, set, time] with inputs: [012]
[209月2026 21:37:36.391] [main/WARN] [net.minecraft.commands.Commands/]: Ambiguity between arguments [waypoint, modify, waypoint, color, reset] and [waypoint, modify, waypoint, color, color] with inputs: [reset]
[209月2026 21:37:36.397] [main/DEBUG] [mixin/]: Mixing client.WrappedGenericStackTooltipModIdMixin from ae2.mixins.json into net.minecraft.client.gui.screens.Screen
[209月2026 21:37:36.397] [main/DEBUG] [mixin/]: ae2.mixins.json:client.WrappedGenericStackTooltipModIdMixin from mod ae2: Class version 69 required is higher than the class version supported by the current version of Mixin (JAVA_11 supports class version 55)
[209月2026 21:37:36.398] [main/DEBUG] [mixin/]: ae2.mixins.json:client.WrappedGenericStackTooltipModIdMixin from mod ae2->@Inject::getTooltipFromItem(Lnet/minecraft/client/Minecraft;Lnet/minecraft/world/item/ItemStack;Lorg/spongepowered/asm/mixin/injection/callback/CallbackInfoReturnable;)V does use it's CallbackInfoReturnable
[209月2026 21:37:36.421] [main/DEBUG] [net.neoforged.fml.ModWorkManager/LOADING]: Using 16 threads for parallel mod-loading
[209月2026 21:37:36.428] [main/DEBUG] [net.neoforged.fml.javafmlmod.FMLModContainer/LOADING]: Creating FMLModContainer instance for rhino with entrypoints []
[209月2026 21:37:36.431] [main/DEBUG] [net.neoforged.fml.javafmlmod.FMLModContainer/LOADING]: Creating FMLModContainer instance for jade with entrypoints [snownee.jade.util.CommonProxy]
[209月2026 21:37:36.433] [main/DEBUG] [net.neoforged.fml.javafmlmod.FMLModContainer/LOADING]: Creating FMLModContainer instance for guideme with entrypoints [guideme.internal.GuideME, guideme.internal.GuideMEClient]
[209月2026 21:37:36.435] [main/DEBUG] [net.neoforged.fml.javafmlmod.FMLModContainer/LOADING]: Creating FMLModContainer instance for jei with entrypoints [mezz.jei.neoforge.JustEnoughItems]
[209月2026 21:37:36.435] [main/DEBUG] [net.neoforged.fml.javafmlmod.FMLModContainer/LOADING]: Creating FMLModContainer instance for ae2 with entrypoints [appeng.client.AppEngClient]
[209月2026 21:37:36.438] [main/DEBUG] [net.neoforged.fml.javafmlmod.FMLModContainer/LOADING]: Creating FMLModContainer instance for spark with entrypoints [me.lucko.spark.neoforge.NeoForgeSparkMod]
[209月2026 21:37:36.439] [main/DEBUG] [net.neoforged.fml.javafmlmod.FMLModContainer/LOADING]: Creating FMLModContainer instance for athena with entrypoints [earth.terrarium.athena.neoforge.client.AthenaNeoForgeClient]
[209月2026 21:37:36.439] [main/DEBUG] [net.neoforged.fml.javafmlmod.FMLModContainer/LOADING]: Creating FMLModContainer instance for registrylib with entrypoints [com.gto.registrylib.RegistryLib]
[209月2026 21:37:36.440] [main/DEBUG] [net.neoforged.fml.javafmlmod.FMLModContainer/LOADING]: Creating FMLModContainer instance for mmcr with entrypoints [cn.howxu.mmcr.MMCR, cn.howxu.mmcr.Client]
[209月2026 21:37:36.440] [main/DEBUG] [net.neoforged.fml.javafmlmod.FMLModContainer/LOADING]: Creating FMLModContainer instance for ctm with entrypoints [io.github.chiselteam.ctm.CTM]
[209月2026 21:37:36.441] [main/DEBUG] [net.neoforged.fml.javafmlmod.FMLModContainer/LOADING]: Creating FMLModContainer instance for neoforge with entrypoints [net.neoforged.neoforge.common.NeoForgeMod, net.neoforged.neoforge.common.OnlyInWarningsHandler, net.neoforged.neoforge.client.ClientNeoForgeMod]
[209月2026 21:37:36.444] [main/DEBUG] [net.neoforged.fml.javafmlmod.FMLModContainer/LOADING]: Creating FMLModContainer instance for kubejs with entrypoints [dev.latvian.mods.kubejs.KubeJS]
[209月2026 21:37:36.445] [main/DEBUG] [net.neoforged.fml.javafmlmod.FMLModContainer/LOADING]: Creating FMLModContainer instance for betteradvancedtooltips with entrypoints [dev.latvian.mods.betteradvancedtooltips.BATMod]
[209月2026 21:37:36.445] [main/DEBUG] [net.neoforged.fml.javafmlmod.FMLModContainer/LOADING]: Creating FMLModContainer instance for twtdlcore with entrypoints [com.shifen.twtdlcore.Twtdlcore, com.shifen.twtdlcore.TwtdlcoreClient]
[209月2026 21:37:36.449] [modloading-worker-0/DEBUG] [net.neoforged.fml.javafmlmod.AutomaticEventSubscriber/LOADING]: Attempting to inject @EventBusSubscriber classes into the eventbus for rhino
[209月2026 21:37:36.457] [modloading-worker-0/DEBUG] [net.neoforged.fml.javafmlmod.AutomaticEventSubscriber/LOADING]: Attempting to inject @EventBusSubscriber classes into the eventbus for ctm
[209月2026 21:37:36.458] [modloading-worker-0/DEBUG] [mixin/]: Mixing FluidIngredientMixin from kubejs.mixins.json into net.neoforged.neoforge.fluids.crafting.FluidIngredient
[209月2026 21:37:36.460] [modloading-worker-0/DEBUG] [net.neoforged.fml.javafmlmod.AutomaticEventSubscriber/LOADING]: Attempting to inject @EventBusSubscriber classes into the eventbus for athena
[209月2026 21:37:36.461] [modloading-worker-0/DEBUG] [net.neoforged.fml.javafmlmod.AutomaticEventSubscriber/LOADING]: Attempting to inject @EventBusSubscriber classes into the eventbus for spark
[209月2026 21:37:36.463] [modloading-worker-0/DEBUG] [mixin/]: Mixing key_extension.KeyMappingMixin from jade.mixins.json into net.minecraft.client.KeyMapping
[209月2026 21:37:36.463] [modloading-worker-0/DEBUG] [mixin/]: jade.mixins.json:key_extension.KeyMappingMixin from mod jade: Class version 69 required is higher than the class version supported by the current version of Mixin (JAVA_21 supports class version 65)
[209月2026 21:37:36.463] [modloading-worker-0/DEBUG] [mixin/]: Renaming synthetic method lambda$keyEx$resetMapping$0(Lnet/minecraft/client/KeyMapping;)Z to md7ea979$jade$lambda$keyEx$resetMapping$0$0 in jade.mixins.json:key_extension.KeyMappingMixin from mod jade
[209月2026 21:37:36.465] [modloading-worker-0/DEBUG] [net.neoforged.fml.config.ConfigTracker/CONFIG]: Config file jei-server.toml for jei tracking
[209月2026 21:37:36.469] [modloading-worker-0/DEBUG] [mixin/]: jade.mixins.json:key_extension.KeyMappingMixin from mod jade->@Inject::keyEx$checkDirty(Lorg/spongepowered/asm/mixin/injection/callback/CallbackInfo;)V doesn't use it's CallbackInfo
[209月2026 21:37:36.469] [modloading-worker-0/DEBUG] [mixin/]: jade.mixins.json:key_extension.KeyMappingMixin from mod jade->@Inject::keyEx$checkDirty(Lorg/spongepowered/asm/mixin/injection/callback/CallbackInfo;)V doesn't use it's CallbackInfo
[209月2026 21:37:36.469] [modloading-worker-0/DEBUG] [mixin/]: jade.mixins.json:key_extension.KeyMappingMixin from mod jade->@Inject::keyEx$resetMapping(Lorg/spongepowered/asm/mixin/injection/callback/CallbackInfo;)V doesn't use it's CallbackInfo
[209月2026 21:37:36.474] [modloading-worker-0/DEBUG] [mixin/]: Mixing KeyAccess from jade.mixins.json into com.mojang.blaze3d.platform.InputConstants$Key
[209月2026 21:37:36.474] [modloading-worker-0/DEBUG] [mixin/]: jade.mixins.json:KeyAccess from mod jade: Class version 69 required is higher than the class version supported by the current version of Mixin (JAVA_21 supports class version 65)
[209月2026 21:37:36.475] [modloading-worker-0/INFO] [net.neoforged.neoforge.common.NeoForgeMod/NEOFORGE-MOD]: NeoForge mod loading, version 26.1.2.109, for MC 26.1.2
[209月2026 21:37:36.482] [modloading-worker-0/DEBUG] [net.neoforged.fml.config.ConfigTracker/CONFIG]: Config file neoforge-server.toml for neoforge tracking
[209月2026 21:37:36.482] [modloading-worker-0/DEBUG] [net.neoforged.fml.config.ConfigTracker/CONFIG]: Config file neoforge-common.toml for neoforge tracking
[209月2026 21:37:36.483] [modloading-worker-0/DEBUG] [mixin/]: Mixing ClientLevelMixin from kubejs.mixins.json into net.minecraft.client.multiplayer.ClientLevel
[209月2026 21:37:36.484] [modloading-worker-0/DEBUG] [net.neoforged.fml.javafmlmod.AutomaticEventSubscriber/LOADING]: Attempting to inject @EventBusSubscriber classes into the eventbus for registrylib
[209月2026 21:37:36.489] [modloading-worker-0/DEBUG] [mixin/]: Mixing spatial.MinecraftServerMixin from ae2.mixins.json into net.minecraft.server.MinecraftServer
[209月2026 21:37:36.490] [modloading-worker-0/DEBUG] [mixin/]: ae2.mixins.json:spatial.MinecraftServerMixin from mod ae2: Class version 69 required is higher than the class version supported by the current version of Mixin (JAVA_11 supports class version 55)
[209月2026 21:37:36.491] [modloading-worker-0/DEBUG] [mixin/]: Mixing MinecraftServerMixin from kubejs.mixins.json into net.minecraft.server.MinecraftServer
[209月2026 21:37:36.492] [modloading-worker-0/DEBUG] [mixin/]: Renaming synthetic method lambda$kjs$createResourceManager$0(Lcom/llamalad7/mixinextras/injector/wrapoperation/Operation;Ljava/lang/Object;Ljava/lang/Object;)Lnet/minecraft/server/packs/resources/MultiPackResourceManager; to md7ea979$kubejs$lambda$kjs$createResourceManager$0$0 in kubejs.mixins.json:MinecraftServerMixin from mod kubejs
[209月2026 21:37:36.492] [modloading-worker-0/DEBUG] [mixin/]: Renaming synthetic method lambda$kjs$endResourceReload$0()V to md7ea979$kubejs$lambda$kjs$endResourceReload$0$1 in kubejs.mixins.json:MinecraftServerMixin from mod kubejs
[209月2026 21:37:36.492] [modloading-worker-0/DEBUG] [mixin/]: Renaming synthetic method lambda$kjs$init$0()V to md7ea979$kubejs$lambda$kjs$init$0$2 in kubejs.mixins.json:MinecraftServerMixin from mod kubejs
[209月2026 21:37:36.495] [modloading-worker-0/DEBUG] [mixin/]: ae2.mixins.json:spatial.MinecraftServerMixin from mod ae2->@Inject::injectSpatialLevel(Lorg/spongepowered/asm/mixin/injection/callback/CallbackInfo;)V doesn't use it's CallbackInfo
[209月2026 21:37:36.495] [modloading-worker-0/DEBUG] [mixin/]: ae2.mixins.json:spatial.MinecraftServerMixin from mod ae2->@Inject::injectSpatialLevel(Lorg/spongepowered/asm/mixin/injection/callback/CallbackInfo;)V has 0 override(s) in child classes
[209月2026 21:37:36.495] [modloading-worker-0/DEBUG] [mixin/]: ae2.mixins.json:spatial.MinecraftServerMixin from mod ae2->@Inject::injectSpatialLevel(Lorg/spongepowered/asm/mixin/injection/callback/CallbackInfo;)V won't be passed a CallbackInfo as a result
[209月2026 21:37:36.495] [modloading-worker-0/DEBUG] [mixin/]: kubejs.mixins.json:MinecraftServerMixin from mod kubejs->@Inject::kjs$init(Lorg/spongepowered/asm/mixin/injection/callback/CallbackInfo;)V doesn't use it's CallbackInfo
[209月2026 21:37:36.495] [modloading-worker-0/DEBUG] [mixin/]: kubejs.mixins.json:MinecraftServerMixin from mod kubejs->@Inject::kjs$init(Lorg/spongepowered/asm/mixin/injection/callback/CallbackInfo;)V has 0 override(s) in child classes
[209月2026 21:37:36.495] [modloading-worker-0/DEBUG] [mixin/]: kubejs.mixins.json:MinecraftServerMixin from mod kubejs->@Inject::kjs$init(Lorg/spongepowered/asm/mixin/injection/callback/CallbackInfo;)V won't be passed a CallbackInfo as a result
[209月2026 21:37:36.495] [modloading-worker-0/DEBUG] [mixin/]: kubejs.mixins.json:MinecraftServerMixin from mod kubejs->@Inject::kjs$postTickServer(Ljava/util/function/BooleanSupplier;Lorg/spongepowered/asm/mixin/injection/callback/CallbackInfo;)V doesn't use it's CallbackInfo
[209月2026 21:37:36.495] [modloading-worker-0/DEBUG] [mixin/]: kubejs.mixins.json:MinecraftServerMixin from mod kubejs->@Inject::kjs$postTickServer(Ljava/util/function/BooleanSupplier;Lorg/spongepowered/asm/mixin/injection/callback/CallbackInfo;)V has 0 override(s) in child classes
[209月2026 21:37:36.495] [modloading-worker-0/DEBUG] [mixin/]: kubejs.mixins.json:MinecraftServerMixin from mod kubejs->@Inject::kjs$postTickServer(Ljava/util/function/BooleanSupplier;Lorg/spongepowered/asm/mixin/injection/callback/CallbackInfo;)V won't be passed a CallbackInfo as a result
[209月2026 21:37:36.495] [modloading-worker-0/DEBUG] [mixin/]: kubejs.mixins.json:MinecraftServerMixin from mod kubejs->@Inject::kjs$postTickServer(Ljava/util/function/BooleanSupplier;Lorg/spongepowered/asm/mixin/injection/callback/CallbackInfo;)V doesn't use it's CallbackInfo
[209月2026 21:37:36.496] [modloading-worker-0/DEBUG] [mixin/]: kubejs.mixins.json:MinecraftServerMixin from mod kubejs->@Inject::kjs$postTickServer(Ljava/util/function/BooleanSupplier;Lorg/spongepowered/asm/mixin/injection/callback/CallbackInfo;)V has 0 override(s) in child classes
[209月2026 21:37:36.496] [modloading-worker-0/DEBUG] [mixin/]: kubejs.mixins.json:MinecraftServerMixin from mod kubejs->@Inject::kjs$postTickServer(Ljava/util/function/BooleanSupplier;Lorg/spongepowered/asm/mixin/injection/callback/CallbackInfo;)V won't be passed a CallbackInfo as a result
[209月2026 21:37:36.496] [modloading-worker-0/DEBUG] [mixin/]: kubejs.mixins.json:MinecraftServerMixin from mod kubejs->@Inject::kjs$endResourceReload(Ljava/util/Collection;Lorg/spongepowered/asm/mixin/injection/callback/CallbackInfoReturnable;)V doesn't use it's CallbackInfoReturnable
[209月2026 21:37:36.496] [modloading-worker-0/DEBUG] [mixin/]: kubejs.mixins.json:MinecraftServerMixin from mod kubejs->@Inject::kjs$endResourceReload(Ljava/util/Collection;Lorg/spongepowered/asm/mixin/injection/callback/CallbackInfoReturnable;)V has 0 override(s) in child classes
[209月2026 21:37:36.496] [modloading-worker-0/DEBUG] [mixin/]: kubejs.mixins.json:MinecraftServerMixin from mod kubejs->@Inject::kjs$endResourceReload(Ljava/util/Collection;Lorg/spongepowered/asm/mixin/injection/callback/CallbackInfoReturnable;)V won't be passed a CallbackInfoReturnable as a result
[209月2026 21:37:36.497] [modloading-worker-0/DEBUG] [mixin/]: Mixing LocalPlayerMixin from kubejs.mixins.json into net.minecraft.client.player.LocalPlayer
[209月2026 21:37:36.502] [modloading-worker-0/DEBUG] [mixin/]: Mixing AbstractClientPlayerMixin from kubejs.mixins.json into net.minecraft.client.player.AbstractClientPlayer
[209月2026 21:37:36.507] [modloading-worker-0/DEBUG] [mixin/]: Mixing ScriptManagerMixin from mmcr.kubejs.mixins.json into dev.latvian.mods.kubejs.script.ScriptManager
[209月2026 21:37:36.507] [modloading-worker-0/DEBUG] [mixin/]: mmcr.kubejs.mixins.json:ScriptManagerMixin from mod mmcr: Class version 69 required is higher than the class version supported by the current version of Mixin (JAVA_21 supports class version 65)
[209月2026 21:37:36.513] [modloading-worker-0/DEBUG] [mixin/]: Mixing SimpleJsonResourceReloadListenerMixin from kubejs.mixins.json into net.minecraft.server.packs.resources.SimpleJsonResourceReloadListener
[209月2026 21:37:36.539] [modloading-worker-0/DEBUG] [net.neoforged.fml.javafmlmod.AutomaticEventSubscriber/LOADING]: Attempting to inject @EventBusSubscriber classes into the eventbus for jade
[209月2026 21:37:36.542] [modloading-worker-0/DEBUG] [mezz.jei.common.platform.Services/]: Loaded mezz.jei.neoforge.platform.PlatformHelper@60e446cf for service interface mezz.jei.common.platform.IPlatformHelper
[209月2026 21:37:36.544] [modloading-worker-0/DEBUG] [net.neoforged.fml.config.ConfigTracker/CONFIG]: Config file neoforge-client.toml for neoforge tracking
[209月2026 21:37:36.551] [modloading-worker-0/DEBUG] [mezz.jei.common.config.file.ConfigSchema/]: Localization has not loaded yet, waiting to save the config file until JEI starts.
[209月2026 21:37:36.554] [modloading-worker-0/DEBUG] [mezz.jei.common.config.file.ConfigSchema/]: Localization has not loaded yet, waiting to save the config file until JEI starts.
[209月2026 21:37:36.555] [modloading-worker-0/DEBUG] [mezz.jei.common.config.file.ConfigSchema/]: Localization has not loaded yet, waiting to save the config file until JEI starts.
[209月2026 21:37:36.560] [modloading-worker-0/DEBUG] [net.neoforged.fml.javafmlmod.AutomaticEventSubscriber/LOADING]: Attempting to inject @EventBusSubscriber classes into the eventbus for neoforge
[209月2026 21:37:36.561] [modloading-worker-0/DEBUG] [net.neoforged.fml.javafmlmod.AutomaticEventSubscriber/LOADING]: Scanning class net.neoforged.neoforge.attachment.AttachmentInternals for @SubscribeEvent-annotated methods
[209月2026 21:37:36.562] [modloading-worker-0/DEBUG] [net.neoforged.fml.javafmlmod.AutomaticEventSubscriber/LOADING]: Subscribing method public static void net.neoforged.neoforge.attachment.AttachmentInternals.onLivingConvert(net.neoforged.neoforge.event.entity.living.LivingConversionEvent$Post) to the game event bus
[209月2026 21:37:36.563] [modloading-worker-0/DEBUG] [mezz.jei.common.config.file.ConfigSchema/]: Localization has not loaded yet, waiting to save the config file until JEI starts.
[209月2026 21:37:36.563] [modloading-worker-0/DEBUG] [net.neoforged.fml.javafmlmod.AutomaticEventSubscriber/LOADING]: Subscribing method public static void net.neoforged.neoforge.attachment.AttachmentInternals.onPlayerClone(net.neoforged.neoforge.event.entity.player.PlayerEvent$Clone) to the game event bus
[209月2026 21:37:36.564] [modloading-worker-0/DEBUG] [net.neoforged.fml.javafmlmod.AutomaticEventSubscriber/LOADING]: Scanning class net.neoforged.neoforge.attachment.AttachmentSync for @SubscribeEvent-annotated methods
[209月2026 21:37:36.565] [modloading-worker-0/INFO] [mezz.jei.library.load.PluginCaller/]: Sending ConfigManager...
[209月2026 21:37:36.566] [modloading-worker-0/DEBUG] [mezz.jei.library.load.PluginCallerTimerRunnable/]: Sending ConfigManager: jei:minecraft...
[209月2026 21:37:36.566] [modloading-worker-0/DEBUG] [net.neoforged.fml.javafmlmod.AutomaticEventSubscriber/LOADING]: Subscribing method public static void net.neoforged.neoforge.attachment.AttachmentSync.onChunkSent(net.neoforged.neoforge.event.level.ChunkWatchEvent$Sent) to the game event bus
[209月2026 21:37:36.566] [modloading-worker-0/DEBUG] [mezz.jei.library.load.PluginCallerTimerRunnable/]: Sending ConfigManager: jade:main...
[209月2026 21:37:36.567] [modloading-worker-0/DEBUG] [mezz.jei.library.load.PluginCallerTimerRunnable/]: Sending ConfigManager: jei:gui...
[209月2026 21:37:36.567] [modloading-worker-0/DEBUG] [mezz.jei.library.load.PluginCallerTimerRunnable/]: Sending ConfigManager: jei:neoforge_gui...
[209月2026 21:37:36.567] [modloading-worker-0/DEBUG] [mezz.jei.library.load.PluginCallerTimerRunnable/]: Sending ConfigManager: ae2:core...
[209月2026 21:37:36.567] [modloading-worker-0/DEBUG] [mezz.jei.library.load.PluginCallerTimerRunnable/]: Sending ConfigManager: mmcr:jei...
[209月2026 21:37:36.567] [modloading-worker-0/DEBUG] [mezz.jei.library.load.PluginCallerTimerRunnable/]: Sending ConfigManager: kubejs:jei...
[209月2026 21:37:36.567] [modloading-worker-0/DEBUG] [mezz.jei.library.load.PluginCallerTimerRunnable/]: Sending ConfigManager: jei:internal...
[209月2026 21:37:36.567] [modloading-worker-0/DEBUG] [net.neoforged.fml.javafmlmod.AutomaticEventSubscriber/LOADING]: Scanning class net.neoforged.neoforge.client.BlockEntityRenderBoundsDebugRenderer for @SubscribeEvent-annotated methods
[209月2026 21:37:36.568] [modloading-worker-0/INFO] [mezz.jei.library.load.PluginCaller/]: Sending ConfigManager took 1.644 milliseconds
[209月2026 21:37:36.569] [modloading-worker-0/DEBUG] [net.neoforged.fml.javafmlmod.AutomaticEventSubscriber/LOADING]: Subscribing method public static void net.neoforged.neoforge.client.BlockEntityRenderBoundsDebugRenderer.onExtractLevelRenderState(net.neoforged.neoforge.client.event.ExtractLevelRenderStateEvent) to the game event bus
[209月2026 21:37:36.569] [modloading-worker-0/DEBUG] [net.neoforged.fml.javafmlmod.AutomaticEventSubscriber/LOADING]: Subscribing method public static void net.neoforged.neoforge.client.BlockEntityRenderBoundsDebugRenderer.onRenderLevelStage(net.neoforged.neoforge.client.event.RenderLevelStageEvent$AfterOpaqueFeatures) to the game event bus
[209月2026 21:37:36.569] [modloading-worker-0/DEBUG] [net.neoforged.fml.javafmlmod.AutomaticEventSubscriber/LOADING]: Subscribing method public static void net.neoforged.neoforge.client.BlockEntityRenderBoundsDebugRenderer.onRegisterClientCommands(net.neoforged.neoforge.client.event.RegisterClientCommandsEvent) to the game event bus
[209月2026 21:37:36.569] [modloading-worker-0/DEBUG] [net.neoforged.fml.javafmlmod.AutomaticEventSubscriber/LOADING]: Scanning class net.neoforged.neoforge.client.NeoForgeRenderPipelines for @SubscribeEvent-annotated methods
[209月2026 21:37:36.572] [modloading-worker-0/DEBUG] [net.neoforged.fml.javafmlmod.AutomaticEventSubscriber/LOADING]: Attempting to inject @EventBusSubscriber classes into the eventbus for jei
[209月2026 21:37:36.582] [modloading-worker-0/DEBUG] [mixin/]: Mixing LuceneVectorizationMixin from guideme.optional.mixins.json into guideme.internal.shaded.lucene.internal.vectorization.VectorizationProvider
[209月2026 21:37:36.582] [modloading-worker-0/DEBUG] [mixin/]: guideme.optional.mixins.json:LuceneVectorizationMixin from mod guideme: Class version 69 required is higher than the class version supported by the current version of Mixin (JAVA_11 supports class version 55)
[209月2026 21:37:36.583] [modloading-worker-0/DEBUG] [mixin/]: guideme.optional.mixins.json:LuceneVectorizationMixin from mod guideme->@Inject::lookup(ZLorg/spongepowered/asm/mixin/injection/callback/CallbackInfoReturnable;)V does use it's CallbackInfoReturnable
[209月2026 21:37:36.597] [modloading-worker-0/DEBUG] [net.neoforged.fml.javafmlmod.AutomaticEventSubscriber/LOADING]: Subscribing method static void net.neoforged.neoforge.client.NeoForgeRenderPipelines.registerPipelines(net.neoforged.neoforge.client.event.RegisterRenderPipelinesEvent) to the event bus of mod neoforge
[209月2026 21:37:36.598] [modloading-worker-0/DEBUG] [net.neoforged.fml.javafmlmod.AutomaticEventSubscriber/LOADING]: Scanning class net.neoforged.neoforge.client.network.ClientPayloadHandler for @SubscribeEvent-annotated methods
[209月2026 21:37:36.600] [modloading-worker-0/DEBUG] [net.neoforged.fml.config.ConfigTracker/CONFIG]: Config file ae2-client.toml for ae2 tracking
[209月2026 21:37:36.600] [modloading-worker-0/DEBUG] [net.neoforged.fml.config.ConfigTracker/CONFIG]: Config file ae2-common.toml for ae2 tracking
[209月2026 21:37:36.607] [modloading-worker-0/DEBUG] [mixin/]: Mixing client.PickColorMixin from ae2.mixins.json into net.minecraft.client.Minecraft
[209月2026 21:37:36.608] [modloading-worker-0/DEBUG] [mixin/]: ae2.mixins.json:client.PickColorMixin from mod ae2: Class version 69 required is higher than the class version supported by the current version of Mixin (JAVA_11 supports class version 55)
[209月2026 21:37:36.608] [modloading-worker-0/DEBUG] [mixin/]: Mixing MinecraftClientMixin from kubejs.mixins.json into net.minecraft.client.Minecraft
[209月2026 21:37:36.609] [modloading-worker-0/DEBUG] [mixin/]: Renaming synthetic method lambda$kjs$endResourceReload$0()V to md7ea979$kubejs$lambda$kjs$endResourceReload$0$0 in kubejs.mixins.json:MinecraftClientMixin from mod kubejs
[209月2026 21:37:36.610] [modloading-worker-0/DEBUG] [mixin/]: Renaming synthetic method lambda$kjs$init$0()V to md7ea979$kubejs$lambda$kjs$init$0$1 in kubejs.mixins.json:MinecraftClientMixin from mod kubejs
[209月2026 21:37:36.613] [modloading-worker-0/DEBUG] [mixin/]: ae2.mixins.json:client.PickColorMixin from mod ae2->@Inject::pickColor(Lorg/spongepowered/asm/mixin/injection/callback/CallbackInfo;)V does use it's CallbackInfo
[209月2026 21:37:36.613] [modloading-worker-0/DEBUG] [mixin/]: kubejs.mixins.json:MinecraftClientMixin from mod kubejs->@Inject::kjs$init(Lorg/spongepowered/asm/mixin/injection/callback/CallbackInfo;)V doesn't use it's CallbackInfo
[209月2026 21:37:36.614] [modloading-worker-0/DEBUG] [mixin/]: kubejs.mixins.json:MinecraftClientMixin from mod kubejs->@Inject::kjs$init(Lorg/spongepowered/asm/mixin/injection/callback/CallbackInfo;)V has 0 override(s) in child classes
[209月2026 21:37:36.614] [modloading-worker-0/DEBUG] [mixin/]: kubejs.mixins.json:MinecraftClientMixin from mod kubejs->@Inject::kjs$init(Lorg/spongepowered/asm/mixin/injection/callback/CallbackInfo;)V won't be passed a CallbackInfo as a result
[209月2026 21:37:36.614] [modloading-worker-0/DEBUG] [mixin/]: kubejs.mixins.json:MinecraftClientMixin from mod kubejs->@Inject::kjs$createTitle(Lorg/spongepowered/asm/mixin/injection/callback/CallbackInfoReturnable;)V does use it's CallbackInfoReturnable
[209月2026 21:37:36.614] [modloading-worker-0/DEBUG] [mixin/]: kubejs.mixins.json:MinecraftClientMixin from mod kubejs->@Inject::kjs$startAttack(Lorg/spongepowered/asm/mixin/injection/callback/CallbackInfoReturnable;)V doesn't use it's CallbackInfoReturnable
[209月2026 21:37:36.614] [modloading-worker-0/DEBUG] [mixin/]: kubejs.mixins.json:MinecraftClientMixin from mod kubejs->@Inject::kjs$startAttack(Lorg/spongepowered/asm/mixin/injection/callback/CallbackInfoReturnable;)V has 0 override(s) in child classes
[209月2026 21:37:36.614] [modloading-worker-0/DEBUG] [mixin/]: kubejs.mixins.json:MinecraftClientMixin from mod kubejs->@Inject::kjs$startAttack(Lorg/spongepowered/asm/mixin/injection/callback/CallbackInfoReturnable;)V won't be passed a CallbackInfoReturnable as a result
[209月2026 21:37:36.614] [modloading-worker-0/DEBUG] [mixin/]: kubejs.mixins.json:MinecraftClientMixin from mod kubejs->@Inject::kjs$startAttack(Lorg/spongepowered/asm/mixin/injection/callback/CallbackInfoReturnable;)V doesn't use it's CallbackInfoReturnable
[209月2026 21:37:36.614] [modloading-worker-0/DEBUG] [mixin/]: kubejs.mixins.json:MinecraftClientMixin from mod kubejs->@Inject::kjs$startAttack(Lorg/spongepowered/asm/mixin/injection/callback/CallbackInfoReturnable;)V has 0 override(s) in child classes
[209月2026 21:37:36.614] [modloading-worker-0/DEBUG] [mixin/]: kubejs.mixins.json:MinecraftClientMixin from mod kubejs->@Inject::kjs$startAttack(Lorg/spongepowered/asm/mixin/injection/callback/CallbackInfoReturnable;)V won't be passed a CallbackInfoReturnable as a result
[209月2026 21:37:36.614] [modloading-worker-0/DEBUG] [mixin/]: kubejs.mixins.json:MinecraftClientMixin from mod kubejs->@Inject::kjs$startAttack(Lorg/spongepowered/asm/mixin/injection/callback/CallbackInfoReturnable;)V doesn't use it's CallbackInfoReturnable
[209月2026 21:37:36.614] [modloading-worker-0/DEBUG] [mixin/]: kubejs.mixins.json:MinecraftClientMixin from mod kubejs->@Inject::kjs$startAttack(Lorg/spongepowered/asm/mixin/injection/callback/CallbackInfoReturnable;)V has 0 override(s) in child classes
[209月2026 21:37:36.614] [modloading-worker-0/DEBUG] [mixin/]: kubejs.mixins.json:MinecraftClientMixin from mod kubejs->@Inject::kjs$startAttack(Lorg/spongepowered/asm/mixin/injection/callback/CallbackInfoReturnable;)V won't be passed a CallbackInfoReturnable as a result
[209月2026 21:37:36.614] [modloading-worker-0/DEBUG] [mixin/]: kubejs.mixins.json:MinecraftClientMixin from mod kubejs->@Inject::kjs$startUseItem(Lorg/spongepowered/asm/mixin/injection/callback/CallbackInfo;)V doesn't use it's CallbackInfo
[209月2026 21:37:36.614] [modloading-worker-0/DEBUG] [mixin/]: kubejs.mixins.json:MinecraftClientMixin from mod kubejs->@Inject::kjs$startUseItem(Lorg/spongepowered/asm/mixin/injection/callback/CallbackInfo;)V has 0 override(s) in child classes
[209月2026 21:37:36.614] [modloading-worker-0/DEBUG] [mixin/]: kubejs.mixins.json:MinecraftClientMixin from mod kubejs->@Inject::kjs$startUseItem(Lorg/spongepowered/asm/mixin/injection/callback/CallbackInfo;)V won't be passed a CallbackInfo as a result
[209月2026 21:37:36.614] [modloading-worker-0/DEBUG] [mixin/]: kubejs.mixins.json:MinecraftClientMixin from mod kubejs->@Inject::kjs$postTickClient(Lorg/spongepowered/asm/mixin/injection/callback/CallbackInfo;)V doesn't use it's CallbackInfo
[209月2026 21:37:36.614] [modloading-worker-0/DEBUG] [mixin/]: kubejs.mixins.json:MinecraftClientMixin from mod kubejs->@Inject::kjs$postTickClient(Lorg/spongepowered/asm/mixin/injection/callback/CallbackInfo;)V has 0 override(s) in child classes
[209月2026 21:37:36.614] [modloading-worker-0/DEBUG] [mixin/]: kubejs.mixins.json:MinecraftClientMixin from mod kubejs->@Inject::kjs$postTickClient(Lorg/spongepowered/asm/mixin/injection/callback/CallbackInfo;)V won't be passed a CallbackInfo as a result
[209月2026 21:37:36.614] [modloading-worker-0/DEBUG] [mixin/]: kubejs.mixins.json:MinecraftClientMixin from mod kubejs->@Inject::kjs$endResourceReload(ZLnet/minecraft/client/Minecraft$GameLoadCookie;Lorg/spongepowered/asm/mixin/injection/callback/CallbackInfoReturnable;)V doesn't use it's CallbackInfoReturnable
[209月2026 21:37:36.614] [modloading-worker-0/DEBUG] [mixin/]: kubejs.mixins.json:MinecraftClientMixin from mod kubejs->@Inject::kjs$endResourceReload(ZLnet/minecraft/client/Minecraft$GameLoadCookie;Lorg/spongepowered/asm/mixin/injection/callback/CallbackInfoReturnable;)V has 0 override(s) in child classes
[209月2026 21:37:36.614] [modloading-worker-0/DEBUG] [mixin/]: kubejs.mixins.json:MinecraftClientMixin from mod kubejs->@Inject::kjs$endResourceReload(ZLnet/minecraft/client/Minecraft$GameLoadCookie;Lorg/spongepowered/asm/mixin/injection/callback/CallbackInfoReturnable;)V won't be passed a CallbackInfoReturnable as a result
[209月2026 21:37:36.626] [modloading-worker-0/DEBUG] [net.neoforged.fml.javafmlmod.AutomaticEventSubscriber/LOADING]: Subscribing method private static void net.neoforged.neoforge.client.network.ClientPayloadHandler.register(net.neoforged.neoforge.client.network.event.RegisterClientPayloadHandlersEvent) to the event bus of mod neoforge
[209月2026 21:37:36.627] [modloading-worker-0/DEBUG] [net.neoforged.fml.javafmlmod.AutomaticEventSubscriber/LOADING]: Scanning class net.neoforged.neoforge.common.MonsterRoomHooks for @SubscribeEvent-annotated methods
[209月2026 21:37:36.627] [modloading-worker-0/DEBUG] [net.neoforged.fml.javafmlmod.AutomaticEventSubscriber/LOADING]: Subscribing method public static void net.neoforged.neoforge.common.MonsterRoomHooks.onDataMapsUpdated(net.neoforged.neoforge.registries.datamaps.DataMapsUpdatedEvent) to the game event bus
[209月2026 21:37:36.628] [modloading-worker-0/DEBUG] [net.neoforged.fml.javafmlmod.AutomaticEventSubscriber/LOADING]: Scanning class net.neoforged.neoforge.model.data.ModelDataManager for @SubscribeEvent-annotated methods
[209月2026 21:37:36.629] [modloading-worker-0/DEBUG] [net.neoforged.fml.javafmlmod.AutomaticEventSubscriber/LOADING]: Subscribing method public static void net.neoforged.neoforge.model.data.ModelDataManager.onChunkUnload(net.neoforged.neoforge.event.level.ChunkEvent$Unload) to the game event bus
[209月2026 21:37:36.629] [modloading-worker-0/DEBUG] [net.neoforged.fml.javafmlmod.AutomaticEventSubscriber/LOADING]: Scanning class net.neoforged.neoforge.network.ConfigurationInitialization for @SubscribeEvent-annotated methods
[209月2026 21:37:36.632] [modloading-worker-0/DEBUG] [net.neoforged.fml.javafmlmod.AutomaticEventSubscriber/LOADING]: Subscribing method private static void net.neoforged.neoforge.network.ConfigurationInitialization.configureModdedClient(net.neoforged.neoforge.network.event.RegisterConfigurationTasksEvent) to the event bus of mod neoforge
[209月2026 21:37:36.633] [modloading-worker-0/DEBUG] [net.neoforged.fml.javafmlmod.AutomaticEventSubscriber/LOADING]: Scanning class net.neoforged.neoforge.network.NetworkInitialization for @SubscribeEvent-annotated methods
[209月2026 21:37:36.633] [modloading-worker-0/DEBUG] [net.neoforged.fml.javafmlmod.AutomaticEventSubscriber/LOADING]: Subscribing method private static void net.neoforged.neoforge.network.NetworkInitialization.register(net.neoforged.neoforge.network.event.RegisterPayloadHandlersEvent) to the event bus of mod neoforge
[209月2026 21:37:36.633] [modloading-worker-0/DEBUG] [net.neoforged.fml.javafmlmod.AutomaticEventSubscriber/LOADING]: Scanning class net.neoforged.neoforge.network.filters.GenericPacketSplitter for @SubscribeEvent-annotated methods
[209月2026 21:37:36.657] [modloading-worker-0/DEBUG] [net.neoforged.fml.config.ConfigTracker/CONFIG]: Config file mmcr-common.toml for mmcr tracking
[209月2026 21:37:36.665] [modloading-worker-0/DEBUG] [net.neoforged.fml.config.ConfigTracker/CONFIG]: Config file guideme.toml for guideme tracking
[209月2026 21:37:36.675] [modloading-worker-0/DEBUG] [io.netty.util.internal.PlatformDependent0/]: Java version: 25
[209月2026 21:37:36.675] [modloading-worker-0/DEBUG] [io.netty.util.internal.PlatformDependent0/]: -Dio.netty.noUnsafe: false
[209月2026 21:37:36.676] [modloading-worker-0/DEBUG] [io.netty.util.internal.PlatformDependent0/]: sun.misc.Unsafe.theUnsafe: available
[209月2026 21:37:36.678] [modloading-worker-0/DEBUG] [io.netty.util.internal.PlatformDependent0/]: sun.misc.Unsafe base methods: all available
[209月2026 21:37:36.679] [modloading-worker-0/DEBUG] [io.netty.util.internal.PlatformDependent0/]: java.nio.Buffer.address: available
[209月2026 21:37:36.679] [modloading-worker-0/DEBUG] [io.netty.util.internal.PlatformDependent0/]: direct buffer constructor: unavailable: Reflective setAccessible(true) disabled
[209月2026 21:37:36.680] [modloading-worker-0/DEBUG] [net.neoforged.fml.javafmlmod.AutomaticEventSubscriber/LOADING]: Attempting to inject @EventBusSubscriber classes into the eventbus for mmcr
[209月2026 21:37:36.680] [modloading-worker-0/DEBUG] [net.neoforged.fml.javafmlmod.AutomaticEventSubscriber/LOADING]: Scanning class cn.howxu.mmcr.client.MultiblockDetectorClientHandler for @SubscribeEvent-annotated methods
[209月2026 21:37:36.680] [modloading-worker-0/DEBUG] [io.netty.util.internal.PlatformDependent0/]: java.nio.Bits.unaligned: available, true
[209月2026 21:37:36.681] [modloading-worker-0/DEBUG] [io.netty.util.internal.PlatformDependent0/]: jdk.internal.misc.Unsafe.allocateUninitializedArray(int): unavailable: symbolic reference class is not accessible: class jdk.internal.misc.Unsafe, from class io.netty.util.internal.PlatformDependent0 (unnamed module @6646153)
[209月2026 21:37:36.682] [modloading-worker-0/DEBUG] [net.neoforged.fml.javafmlmod.AutomaticEventSubscriber/LOADING]: Attempting to inject @EventBusSubscriber classes into the eventbus for guideme
[209月2026 21:37:36.682] [modloading-worker-0/DEBUG] [net.neoforged.fml.javafmlmod.AutomaticEventSubscriber/LOADING]: Subscribing method public static void cn.howxu.mmcr.client.MultiblockDetectorClientHandler.onInteractionKey(net.neoforged.neoforge.client.event.InputEvent$InteractionKeyMappingTriggered) to the game event bus
[209月2026 21:37:36.683] [modloading-worker-0/DEBUG] [net.neoforged.fml.javafmlmod.AutomaticEventSubscriber/LOADING]: Scanning class cn.howxu.mmcr.client.MultiblockDetectorSelectionRenderer for @SubscribeEvent-annotated methods
[209月2026 21:37:36.683] [modloading-worker-0/DEBUG] [io.netty.util.internal.PlatformDependent0/]: java.nio.DirectByteBuffer.<init>(long, {int,long}): unavailable
[209月2026 21:37:36.683] [modloading-worker-0/DEBUG] [io.netty.util.internal.PlatformDependent/]: sun.misc.Unsafe: available
[209月2026 21:37:36.684] [modloading-worker-0/DEBUG] [io.netty.util.internal.PlatformDependent/]: -Dio.netty.tmpdir: C:\Users\32254\AppData\Local\Temp (java.io.tmpdir)
[209月2026 21:37:36.684] [modloading-worker-0/DEBUG] [io.netty.util.internal.PlatformDependent/]: -Dio.netty.bitMode: 64 (sun.arch.data.model)
[209月2026 21:37:36.684] [modloading-worker-0/DEBUG] [io.netty.util.internal.PlatformDependent/]: Platform: Windows
[209月2026 21:37:36.685] [modloading-worker-0/DEBUG] [io.netty.util.internal.PlatformDependent/]: -Dio.netty.maxDirectMemory: -1 bytes
[209月2026 21:37:36.686] [modloading-worker-0/DEBUG] [net.neoforged.fml.javafmlmod.AutomaticEventSubscriber/LOADING]: Subscribing method public static void cn.howxu.mmcr.client.MultiblockDetectorSelectionRenderer.onSubmitCustomGeometry(net.neoforged.neoforge.client.event.SubmitCustomGeometryEvent) to the game event bus
[209月2026 21:37:36.686] [modloading-worker-0/DEBUG] [net.neoforged.fml.javafmlmod.AutomaticEventSubscriber/LOADING]: Scanning class cn.howxu.mmcr.client.MultiblockMismatchHighlightClientHandler for @SubscribeEvent-annotated methods
[209月2026 21:37:36.687] [modloading-worker-0/DEBUG] [io.netty.util.internal.CleanerJava9/]: java.nio.ByteBuffer.cleaner(): available
[209月2026 21:37:36.687] [modloading-worker-0/DEBUG] [io.netty.util.internal.PlatformDependent/]: -Dio.netty.noPreferDirect: false
[209月2026 21:37:36.687] [modloading-worker-0/DEBUG] [io.netty.util.internal.PlatformDependent/]: -Dio.netty.jfr.enabled: true
[209月2026 21:37:36.687] [modloading-worker-0/DEBUG] [net.neoforged.fml.javafmlmod.AutomaticEventSubscriber/LOADING]: Subscribing method public static void cn.howxu.mmcr.client.MultiblockMismatchHighlightClientHandler.onRenderLevelAfterWeather(net.neoforged.neoforge.client.event.RenderLevelStageEvent$AfterWeather) to the game event bus
[209月2026 21:37:36.687] [modloading-worker-0/DEBUG] [net.neoforged.fml.javafmlmod.AutomaticEventSubscriber/LOADING]: Scanning class cn.howxu.mmcr.client.MultiblockPreviewClientHandler for @SubscribeEvent-annotated methods
[209月2026 21:37:36.693] [modloading-worker-0/DEBUG] [net.neoforged.fml.javafmlmod.AutomaticEventSubscriber/LOADING]: Subscribing method public static void cn.howxu.mmcr.client.MultiblockPreviewClientHandler.onRenderLevelAfterTranslucentBlocks(net.neoforged.neoforge.client.event.RenderLevelStageEvent$AfterTranslucentBlocks) to the game event bus
[209月2026 21:37:36.694] [modloading-worker-0/DEBUG] [net.neoforged.fml.javafmlmod.AutomaticEventSubscriber/LOADING]: Subscribing method public static void cn.howxu.mmcr.client.MultiblockPreviewClientHandler.onRenderLevelAfterOpaqueBlocks(net.neoforged.neoforge.client.event.RenderLevelStageEvent$AfterOpaqueBlocks) to the game event bus
[209月2026 21:37:36.694] [modloading-worker-0/DEBUG] [net.neoforged.fml.javafmlmod.AutomaticEventSubscriber/LOADING]: Subscribing method public static void cn.howxu.mmcr.client.MultiblockPreviewClientHandler.onLevelUnload(net.neoforged.neoforge.event.level.LevelEvent$Unload) to the game event bus
[209月2026 21:37:36.695] [modloading-worker-0/DEBUG] [net.neoforged.fml.javafmlmod.AutomaticEventSubscriber/LOADING]: Subscribing method public static void cn.howxu.mmcr.client.MultiblockPreviewClientHandler.onClientTick(net.neoforged.neoforge.client.event.ClientTickEvent$Post) to the game event bus
[209月2026 21:37:36.695] [modloading-worker-0/DEBUG] [net.neoforged.fml.javafmlmod.AutomaticEventSubscriber/LOADING]: Scanning class cn.howxu.mmcr.client.RuntimeContentClientConnectionEvents for @SubscribeEvent-annotated methods
[209月2026 21:37:36.695] [modloading-worker-0/DEBUG] [net.neoforged.fml.javafmlmod.AutomaticEventSubscriber/LOADING]: Subscribing method public static void cn.howxu.mmcr.client.RuntimeContentClientConnectionEvents.onLoggingIn(net.neoforged.neoforge.client.event.ClientPlayerNetworkEvent$LoggingIn) to the game event bus
[209月2026 21:37:36.696] [modloading-worker-0/DEBUG] [net.neoforged.fml.javafmlmod.AutomaticEventSubscriber/LOADING]: Subscribing method public static void cn.howxu.mmcr.client.RuntimeContentClientConnectionEvents.onLoggingOut(net.neoforged.neoforge.client.event.ClientPlayerNetworkEvent$LoggingOut) to the game event bus
[209月2026 21:37:36.696] [modloading-worker-0/DEBUG] [net.neoforged.fml.javafmlmod.AutomaticEventSubscriber/LOADING]: Scanning class cn.howxu.mmcr.client.TerminalClientHandler for @SubscribeEvent-annotated methods
[209月2026 21:37:36.700] [modloading-worker-0/DEBUG] [net.neoforged.fml.javafmlmod.AutomaticEventSubscriber/LOADING]: Subscribing method public static void cn.howxu.mmcr.client.TerminalClientHandler.onInteractionKey(net.neoforged.neoforge.client.event.InputEvent$InteractionKeyMappingTriggered) to the game event bus
[209月2026 21:37:36.701] [modloading-worker-0/DEBUG] [net.neoforged.fml.javafmlmod.AutomaticEventSubscriber/LOADING]: Scanning class cn.howxu.mmcr.datagen.DataGen for @SubscribeEvent-annotated methods
[209月2026 21:37:36.701] [modloading-worker-0/DEBUG] [io.netty.buffer.AbstractByteBuf/]: -Dio.netty.buffer.checkAccessible: true
[209月2026 21:37:36.701] [modloading-worker-0/DEBUG] [io.netty.buffer.AbstractByteBuf/]: -Dio.netty.buffer.checkBounds: true
[209月2026 21:37:36.701] [modloading-worker-0/DEBUG] [net.neoforged.fml.javafmlmod.AutomaticEventSubscriber/LOADING]: Subscribing method public static void cn.howxu.mmcr.datagen.DataGen.onGatherData(net.neoforged.neoforge.data.event.GatherDataEvent$Client) to the event bus of mod mmcr
[209月2026 21:37:36.702] [modloading-worker-0/DEBUG] [io.netty.util.ResourceLeakDetectorFactory/]: Loaded default ResourceLeakDetector: io.netty.util.ResourceLeakDetector@68f1b8e
[209月2026 21:37:36.710] [modloading-worker-0/DEBUG] [io.netty.util.internal.InternalThreadLocalMap/]: -Dio.netty.threadLocalMap.stringBuilder.initialSize: 1024
[209月2026 21:37:36.710] [modloading-worker-0/DEBUG] [io.netty.util.internal.InternalThreadLocalMap/]: -Dio.netty.threadLocalMap.stringBuilder.maxSize: 4096
[209月2026 21:37:36.712] [modloading-worker-0/DEBUG] [io.netty.buffer.AdaptiveByteBufAllocator/]: -Dio.netty.allocator.useCachedMagazinesForNonEventLoopThreads: false
[209月2026 21:37:36.726] [modloading-worker-0/DEBUG] [net.neoforged.fml.config.ConfigTracker/CONFIG]: Config file twtdlcore-common.toml for twtdlcore tracking
[209月2026 21:37:36.730] [modloading-worker-0/DEBUG] [io.netty.util.Recycler/]: -Dio.netty.recycler.maxCapacityPerThread: 4096
[209月2026 21:37:36.731] [modloading-worker-0/DEBUG] [io.netty.util.Recycler/]: -Dio.netty.recycler.ratio: 8
[209月2026 21:37:36.731] [modloading-worker-0/DEBUG] [io.netty.util.Recycler/]: -Dio.netty.recycler.chunkSize: 32
[209月2026 21:37:36.731] [modloading-worker-0/DEBUG] [io.netty.util.Recycler/]: -Dio.netty.recycler.blocking: false
[209月2026 21:37:36.731] [modloading-worker-0/DEBUG] [io.netty.util.Recycler/]: -Dio.netty.recycler.batchFastThreadLocalOnly: true
[209月2026 21:37:36.737] [modloading-worker-0/DEBUG] [io.netty.buffer.ByteBufUtil/]: -Dio.netty.allocator.type: adaptive
[209月2026 21:37:36.737] [modloading-worker-0/DEBUG] [io.netty.buffer.ByteBufUtil/]: -Dio.netty.threadLocalDirectBufferSize: 0
[209月2026 21:37:36.737] [modloading-worker-0/DEBUG] [io.netty.buffer.ByteBufUtil/]: -Dio.netty.maxThreadLocalCharBufferSize: 16384
[209月2026 21:37:36.738] [modloading-worker-0/DEBUG] [net.neoforged.fml.javafmlmod.AutomaticEventSubscriber/LOADING]: Attempting to inject @EventBusSubscriber classes into the eventbus for twtdlcore
[209月2026 21:37:36.738] [modloading-worker-0/DEBUG] [net.neoforged.fml.javafmlmod.AutomaticEventSubscriber/LOADING]: Scanning class com.shifen.twtdlcore.TwtdlcoreClient for @SubscribeEvent-annotated methods
[209月2026 21:37:36.738] [modloading-worker-0/DEBUG] [net.neoforged.fml.javafmlmod.AutomaticEventSubscriber/LOADING]: Subscribing method static void com.shifen.twtdlcore.TwtdlcoreClient.onClientSetup(net.neoforged.fml.event.lifecycle.FMLClientSetupEvent) to the event bus of mod twtdlcore
[209月2026 21:37:36.744] [modloading-worker-0/DEBUG] [net.neoforged.fml.javafmlmod.AutomaticEventSubscriber/LOADING]: Subscribing method private static void net.neoforged.neoforge.network.filters.GenericPacketSplitter.register(net.neoforged.neoforge.network.event.RegisterPayloadHandlersEvent) to the event bus of mod neoforge
[209月2026 21:37:36.779] [modloading-worker-0/INFO] [KubeJS Startup/]: Capturing errors for startup scripts enabled
[209月2026 21:37:36.780] [modloading-worker-0/INFO] [KubeJS Client/]: Capturing errors for client scripts enabled
[209月2026 21:37:36.780] [modloading-worker-0/INFO] [KubeJS/]: Loading vanilla registries...
[209月2026 21:37:36.794] [modloading-worker-0/INFO] [KubeJS/]: Looking for KubeJS plugins...
[209月2026 21:37:36.795] [modloading-worker-0/INFO] [KubeJS/]: Found plugin source kubejs
[209月2026 21:37:36.801] [modloading-worker-0/WARN] [KubeJS/]: Plugin dev.latvian.mods.kubejs.integration.architectury.ArchitecturyIntegration does not have required mod 'architectury' loaded, skipping
[209月2026 21:37:36.802] [modloading-worker-0/INFO] [KubeJS/]: Found plugin source mmcr
[209月2026 21:37:36.807] [modloading-worker-0/INFO] [KubeJS/]: Done in 10.92 ms
[209月2026 21:37:36.842] [modloading-worker-0/DEBUG] [KubeJS/]: Took 0 ms to grab stacktrace classes.
[209月2026 21:37:36.877] [modloading-worker-0/DEBUG] [mixin/]: Mixing SizedIngredientMixin from kubejs.mixins.json into net.neoforged.neoforge.common.crafting.SizedIngredient
[209月2026 21:37:36.880] [modloading-worker-0/DEBUG] [mixin/]: Mixing FluidStackMixin from kubejs.mixins.json into net.neoforged.neoforge.fluids.FluidStack
[209月2026 21:37:36.884] [modloading-worker-0/DEBUG] [mixin/]: Mixing SizedFluidIngredientMixin from kubejs.mixins.json into net.neoforged.neoforge.fluids.crafting.SizedFluidIngredient
[209月2026 21:37:36.941] [modloading-worker-0/DEBUG] [net.neoforged.fml.javafmlmod.AutomaticEventSubscriber/LOADING]: Attempting to inject @EventBusSubscriber classes into the eventbus for ae2
[209月2026 21:37:36.942] [modloading-worker-0/DEBUG] [net.neoforged.fml.javafmlmod.AutomaticEventSubscriber/LOADING]: Scanning class appeng.server.testplots.SpawnTestTools for @SubscribeEvent-annotated methods
[209月2026 21:37:36.942] [modloading-worker-0/DEBUG] [net.neoforged.fml.javafmlmod.AutomaticEventSubscriber/LOADING]: Subscribing method public static void appeng.server.testplots.SpawnTestTools.spawnWirelessTerminals(appeng.server.testplots.SpawnExtraGridTestTools) to the game event bus
[209月2026 21:37:36.943] [modloading-worker-0/DEBUG] [net.neoforged.fml.javafmlmod.AutomaticEventSubscriber/LOADING]: Scanning class appeng.datagen.AE2DataGenerators for @SubscribeEvent-annotated methods
[209月2026 21:37:36.951] [modloading-worker-0/DEBUG] [net.neoforged.fml.javafmlmod.AutomaticEventSubscriber/LOADING]: Subscribing method public static void appeng.datagen.AE2DataGenerators.onGatherData(net.neoforged.neoforge.data.event.GatherDataEvent$Client) to the event bus of mod ae2
[209月2026 21:37:37.033] [modloading-worker-0/DEBUG] [mixin/]: Mixing client.AbstractContainerScreenMixin from ae2.mixins.json into net.minecraft.client.gui.screens.inventory.AbstractContainerScreen
[209月2026 21:37:37.033] [modloading-worker-0/DEBUG] [mixin/]: ae2.mixins.json:client.AbstractContainerScreenMixin from mod ae2: Class version 69 required is higher than the class version supported by the current version of Mixin (JAVA_11 supports class version 55)
[209月2026 21:37:37.074] [modloading-worker-0/INFO] [KubeJS Startup/]: startup_scripts:main.js#2: Hello, World! (Loaded startup example script)
[209月2026 21:37:37.075] [modloading-worker-0/INFO] [KubeJS Startup/]: Loaded script startup_scripts:main.js in 0.026 s
[209月2026 21:37:37.076] [modloading-worker-0/INFO] [KubeJS Startup/]: Loaded 1/1 KubeJS startup scripts in 0.265 s with 0 errors and 0 warnings
[209月2026 21:37:37.095] [modloading-worker-0/INFO] [KubeJS Client/]: client_scripts:main.js#2: Hello, World! (Loaded client example script)
[209月2026 21:37:37.095] [modloading-worker-0/INFO] [KubeJS Client/]: Loaded script client_scripts:main.js in 0.0 s
[209月2026 21:37:37.095] [modloading-worker-0/INFO] [KubeJS Client/]: Loaded 1/1 KubeJS client scripts in 0.017 s with 0 errors and 0 warnings
[209月2026 21:37:37.100] [modloading-worker-0/INFO] [KubeJS Startup/]: Validated 0 files in kubejs/assets/ in 1ms
[209月2026 21:37:37.100] [modloading-worker-0/INFO] [KubeJS Startup/]: Validated 0 files in kubejs/data/ in 0ms
[209月2026 21:37:37.107] [modloading-worker-0/DEBUG] [net.neoforged.fml.javafmlmod.AutomaticEventSubscriber/LOADING]: Attempting to inject @EventBusSubscriber classes into the eventbus for kubejs
[209月2026 21:37:37.108] [modloading-worker-0/DEBUG] [net.neoforged.fml.javafmlmod.AutomaticEventSubscriber/LOADING]: Scanning class dev.latvian.mods.kubejs.level.KubeJSWorldEventHandler for @SubscribeEvent-annotated methods
[209月2026 21:37:37.109] [modloading-worker-0/DEBUG] [net.neoforged.fml.javafmlmod.AutomaticEventSubscriber/LOADING]: Subscribing method public static void dev.latvian.mods.kubejs.level.KubeJSWorldEventHandler.serverLevelLoad(net.neoforged.neoforge.event.level.LevelEvent$Load) to the game event bus
[209月2026 21:37:37.109] [modloading-worker-0/DEBUG] [net.neoforged.fml.javafmlmod.AutomaticEventSubscriber/LOADING]: Subscribing method public static void dev.latvian.mods.kubejs.level.KubeJSWorldEventHandler.serverLevelUnload(net.neoforged.neoforge.event.level.LevelEvent$Unload) to the game event bus
[209月2026 21:37:37.110] [modloading-worker-0/DEBUG] [net.neoforged.fml.javafmlmod.AutomaticEventSubscriber/LOADING]: Subscribing method public static void dev.latvian.mods.kubejs.level.KubeJSWorldEventHandler.serverTickEvent(net.neoforged.neoforge.event.tick.LevelTickEvent$Post) to the game event bus
[209月2026 21:37:37.110] [modloading-worker-0/DEBUG] [net.neoforged.fml.javafmlmod.AutomaticEventSubscriber/LOADING]: Subscribing method public static void dev.latvian.mods.kubejs.level.KubeJSWorldEventHandler.preExplosion(net.neoforged.neoforge.event.level.ExplosionEvent$Start) to the game event bus
[209月2026 21:37:37.110] [modloading-worker-0/DEBUG] [net.neoforged.fml.javafmlmod.AutomaticEventSubscriber/LOADING]: Subscribing method public static void dev.latvian.mods.kubejs.level.KubeJSWorldEventHandler.detonateExplosion(net.neoforged.neoforge.event.level.ExplosionEvent$Detonate) to the game event bus
[209月2026 21:37:37.110] [modloading-worker-0/DEBUG] [net.neoforged.fml.javafmlmod.AutomaticEventSubscriber/LOADING]: Scanning class dev.latvian.mods.kubejs.net.KubeJSNet for @SubscribeEvent-annotated methods
[209月2026 21:37:37.111] [modloading-worker-0/DEBUG] [net.neoforged.fml.javafmlmod.AutomaticEventSubscriber/LOADING]: Subscribing method public static void dev.latvian.mods.kubejs.net.KubeJSNet.register(net.neoforged.neoforge.network.event.RegisterPayloadHandlersEvent) to the event bus of mod kubejs
[209月2026 21:37:37.111] [modloading-worker-0/DEBUG] [net.neoforged.fml.javafmlmod.AutomaticEventSubscriber/LOADING]: Scanning class dev.latvian.mods.kubejs.entity.KubeJSEntityEventHandler for @SubscribeEvent-annotated methods
[209月2026 21:37:37.112] [modloading-worker-0/DEBUG] [net.neoforged.fml.javafmlmod.AutomaticEventSubscriber/LOADING]: Subscribing method public static void dev.latvian.mods.kubejs.entity.KubeJSEntityEventHandler.checkSpawn(net.neoforged.neoforge.event.entity.living.FinalizeSpawnEvent) to the game event bus
[209月2026 21:37:37.112] [modloading-worker-0/DEBUG] [net.neoforged.fml.javafmlmod.AutomaticEventSubscriber/LOADING]: Subscribing method public static void dev.latvian.mods.kubejs.entity.KubeJSEntityEventHandler.livingDrops(net.neoforged.neoforge.event.entity.living.LivingDropsEvent) to the game event bus
[209月2026 21:37:37.112] [modloading-worker-0/DEBUG] [net.neoforged.fml.javafmlmod.AutomaticEventSubscriber/LOADING]: Subscribing method public static void dev.latvian.mods.kubejs.entity.KubeJSEntityEventHandler.beforeLivingHurt(net.neoforged.neoforge.event.entity.living.LivingDamageEvent$Pre) to the game event bus
[209月2026 21:37:37.112] [modloading-worker-0/DEBUG] [net.neoforged.fml.javafmlmod.AutomaticEventSubscriber/LOADING]: Subscribing method public static void dev.latvian.mods.kubejs.entity.KubeJSEntityEventHandler.afterLivingHurt(net.neoforged.neoforge.event.entity.living.LivingDamageEvent$Post) to the game event bus
[209月2026 21:37:37.113] [modloading-worker-0/DEBUG] [net.neoforged.fml.javafmlmod.AutomaticEventSubscriber/LOADING]: Subscribing method public static void dev.latvian.mods.kubejs.entity.KubeJSEntityEventHandler.livingDeath(net.neoforged.neoforge.event.entity.living.LivingDeathEvent) to the game event bus
[209月2026 21:37:37.113] [modloading-worker-0/DEBUG] [net.neoforged.fml.javafmlmod.AutomaticEventSubscriber/LOADING]: Subscribing method public static void dev.latvian.mods.kubejs.entity.KubeJSEntityEventHandler.entitySpawned(net.neoforged.neoforge.event.entity.EntityJoinLevelEvent) to the game event bus
[209月2026 21:37:37.113] [modloading-worker-0/DEBUG] [net.neoforged.fml.javafmlmod.AutomaticEventSubscriber/LOADING]: Scanning class dev.latvian.mods.kubejs.player.KubeJSPlayerEventHandler for @SubscribeEvent-annotated methods
[209月2026 21:37:37.115] [modloading-worker-0/DEBUG] [net.neoforged.fml.javafmlmod.AutomaticEventSubscriber/LOADING]: Subscribing method public static void dev.latvian.mods.kubejs.player.KubeJSPlayerEventHandler.tick(net.neoforged.neoforge.event.tick.PlayerTickEvent$Post) to the game event bus
[209月2026 21:37:37.115] [modloading-worker-0/DEBUG] [net.neoforged.fml.javafmlmod.AutomaticEventSubscriber/LOADING]: Subscribing method public static void dev.latvian.mods.kubejs.player.KubeJSPlayerEventHandler.cloned(net.neoforged.neoforge.event.entity.player.PlayerEvent$Clone) to the game event bus
[209月2026 21:37:37.116] [modloading-worker-0/DEBUG] [net.neoforged.fml.javafmlmod.AutomaticEventSubscriber/LOADING]: Subscribing method public static void dev.latvian.mods.kubejs.player.KubeJSPlayerEventHandler.respawn(net.neoforged.neoforge.event.entity.player.PlayerEvent$PlayerRespawnEvent) to the game event bus
[209月2026 21:37:37.116] [modloading-worker-0/DEBUG] [net.neoforged.fml.javafmlmod.AutomaticEventSubscriber/LOADING]: Subscribing method public static void dev.latvian.mods.kubejs.player.KubeJSPlayerEventHandler.inventoryClosed(net.neoforged.neoforge.event.entity.player.PlayerContainerEvent$Close) to the game event bus
[209月2026 21:37:37.116] [modloading-worker-0/DEBUG] [net.neoforged.fml.javafmlmod.AutomaticEventSubscriber/LOADING]: Subscribing method public static void dev.latvian.mods.kubejs.player.KubeJSPlayerEventHandler.inventoryOpened(net.neoforged.neoforge.event.entity.player.PlayerContainerEvent$Open) to the game event bus
[209月2026 21:37:37.116] [modloading-worker-0/DEBUG] [net.neoforged.fml.javafmlmod.AutomaticEventSubscriber/LOADING]: Subscribing method public static void dev.latvian.mods.kubejs.player.KubeJSPlayerEventHandler.chatReceived(net.neoforged.neoforge.event.ServerChatEvent) to the game event bus
[209月2026 21:37:37.117] [modloading-worker-0/DEBUG] [net.neoforged.fml.javafmlmod.AutomaticEventSubscriber/LOADING]: Subscribing method public static void dev.latvian.mods.kubejs.player.KubeJSPlayerEventHandler.chatDecorate(net.neoforged.neoforge.event.ServerChatEvent) to the game event bus
[209月2026 21:37:37.117] [modloading-worker-0/DEBUG] [net.neoforged.fml.javafmlmod.AutomaticEventSubscriber/LOADING]: Subscribing method public static void dev.latvian.mods.kubejs.player.KubeJSPlayerEventHandler.dimensionChanged(net.neoforged.neoforge.event.entity.player.PlayerEvent$PlayerChangedDimensionEvent) to the game event bus
[209月2026 21:37:37.117] [modloading-worker-0/DEBUG] [net.neoforged.fml.javafmlmod.AutomaticEventSubscriber/LOADING]: Subscribing method public static void dev.latvian.mods.kubejs.player.KubeJSPlayerEventHandler.datapackSync(net.neoforged.neoforge.event.OnDatapackSyncEvent) to the game event bus
[209月2026 21:37:37.117] [modloading-worker-0/DEBUG] [net.neoforged.fml.javafmlmod.AutomaticEventSubscriber/LOADING]: Subscribing method public static void dev.latvian.mods.kubejs.player.KubeJSPlayerEventHandler.advancement(net.neoforged.neoforge.event.entity.player.AdvancementEvent$AdvancementEarnEvent) to the game event bus
[209月2026 21:37:37.117] [modloading-worker-0/DEBUG] [net.neoforged.fml.javafmlmod.AutomaticEventSubscriber/LOADING]: Subscribing method public static void dev.latvian.mods.kubejs.player.KubeJSPlayerEventHandler.loggedIn(net.neoforged.neoforge.event.entity.player.PlayerEvent$PlayerLoggedInEvent) to the game event bus
[209月2026 21:37:37.118] [modloading-worker-0/DEBUG] [net.neoforged.fml.javafmlmod.AutomaticEventSubscriber/LOADING]: Subscribing method public static void dev.latvian.mods.kubejs.player.KubeJSPlayerEventHandler.loggedOut(net.neoforged.neoforge.event.entity.player.PlayerEvent$PlayerLoggedOutEvent) to the game event bus
[209月2026 21:37:37.118] [modloading-worker-0/DEBUG] [net.neoforged.fml.javafmlmod.AutomaticEventSubscriber/LOADING]: Scanning class dev.latvian.mods.kubejs.client.KubeJSClientEventHandler for @SubscribeEvent-annotated methods
[209月2026 21:37:37.123] [modloading-worker-0/DEBUG] [net.neoforged.fml.javafmlmod.AutomaticEventSubscriber/LOADING]: Subscribing method public static void dev.latvian.mods.kubejs.client.KubeJSClientEventHandler.registerMenuScreens(net.neoforged.neoforge.client.event.RegisterMenuScreensEvent) to the event bus of mod kubejs
[209月2026 21:37:37.124] [modloading-worker-0/DEBUG] [net.neoforged.fml.javafmlmod.AutomaticEventSubscriber/LOADING]: Subscribing method public static void dev.latvian.mods.kubejs.client.KubeJSClientEventHandler.onItemTooltip(net.neoforged.neoforge.event.entity.player.ItemTooltipEvent) to the game event bus
[209月2026 21:37:37.124] [modloading-worker-0/DEBUG] [net.neoforged.fml.javafmlmod.AutomaticEventSubscriber/LOADING]: Subscribing method public static void dev.latvian.mods.kubejs.client.KubeJSClientEventHandler.onRegisterClientExtensions(net.neoforged.neoforge.client.extensions.common.RegisterClientExtensionsEvent) to the event bus of mod kubejs
[209月2026 21:37:37.124] [modloading-worker-0/DEBUG] [net.neoforged.fml.javafmlmod.AutomaticEventSubscriber/LOADING]: Subscribing method public static void dev.latvian.mods.kubejs.client.KubeJSClientEventHandler.onRegisterFluidModels(net.neoforged.neoforge.client.event.RegisterFluidModelsEvent) to the event bus of mod kubejs
[209月2026 21:37:37.125] [modloading-worker-0/DEBUG] [net.neoforged.fml.javafmlmod.AutomaticEventSubscriber/LOADING]: Subscribing method public static void dev.latvian.mods.kubejs.client.KubeJSClientEventHandler.onRegisterClientCommands(net.neoforged.neoforge.client.event.RegisterClientCommandsEvent) to the game event bus
[209月2026 21:37:37.125] [modloading-worker-0/DEBUG] [net.neoforged.fml.javafmlmod.AutomaticEventSubscriber/LOADING]: Subscribing method public static void dev.latvian.mods.kubejs.client.KubeJSClientEventHandler.registerConditionalItemModelProperties(net.neoforged.neoforge.client.event.RegisterConditionalItemModelPropertyEvent) to the event bus of mod kubejs
[209月2026 21:37:37.125] [modloading-worker-0/DEBUG] [net.neoforged.fml.javafmlmod.AutomaticEventSubscriber/LOADING]: Subscribing method public static void dev.latvian.mods.kubejs.client.KubeJSClientEventHandler.loggingIn(net.neoforged.neoforge.client.event.ClientPlayerNetworkEvent$LoggingIn) to the game event bus
[209月2026 21:37:37.125] [modloading-worker-0/DEBUG] [net.neoforged.fml.javafmlmod.AutomaticEventSubscriber/LOADING]: Subscribing method public static void dev.latvian.mods.kubejs.client.KubeJSClientEventHandler.loggingOut(net.neoforged.neoforge.client.event.ClientPlayerNetworkEvent$LoggingOut) to the game event bus
[209月2026 21:37:37.126] [modloading-worker-0/DEBUG] [net.neoforged.fml.javafmlmod.AutomaticEventSubscriber/LOADING]: Subscribing method public static void dev.latvian.mods.kubejs.client.KubeJSClientEventHandler.tagsUpdated(net.neoforged.neoforge.event.TagsUpdatedEvent) to the game event bus
[209月2026 21:37:37.126] [modloading-worker-0/DEBUG] [net.neoforged.fml.javafmlmod.AutomaticEventSubscriber/LOADING]: Subscribing method public static void dev.latvian.mods.kubejs.client.KubeJSClientEventHandler.blockTintSources(net.neoforged.neoforge.client.event.RegisterColorHandlersEvent$BlockTintSources) to the event bus of mod kubejs
[209月2026 21:37:37.126] [modloading-worker-0/DEBUG] [net.neoforged.fml.javafmlmod.AutomaticEventSubscriber/LOADING]: Subscribing method public static void dev.latvian.mods.kubejs.client.KubeJSClientEventHandler.registerRenderers(net.neoforged.neoforge.client.event.EntityRenderersEvent$RegisterRenderers) to the event bus of mod kubejs
[209月2026 21:37:37.126] [modloading-worker-0/DEBUG] [net.neoforged.fml.javafmlmod.AutomaticEventSubscriber/LOADING]: Subscribing method public static void dev.latvian.mods.kubejs.client.KubeJSClientEventHandler.guiPostInit(net.neoforged.neoforge.client.event.ScreenEvent$Init$Post) to the game event bus
[209月2026 21:37:37.126] [modloading-worker-0/DEBUG] [net.neoforged.fml.javafmlmod.AutomaticEventSubscriber/LOADING]: Subscribing method public static void dev.latvian.mods.kubejs.client.KubeJSClientEventHandler.openScreenEvent(net.neoforged.neoforge.client.event.ScreenEvent$Opening) to the game event bus
[209月2026 21:37:37.126] [modloading-worker-0/DEBUG] [net.neoforged.fml.javafmlmod.AutomaticEventSubscriber/LOADING]: Subscribing method public static void dev.latvian.mods.kubejs.client.KubeJSClientEventHandler.addClientPacks(net.neoforged.neoforge.event.AddPackFindersEvent) to the event bus of mod kubejs
[209月2026 21:37:37.126] [modloading-worker-0/DEBUG] [net.neoforged.fml.javafmlmod.AutomaticEventSubscriber/LOADING]: Subscribing method public static void dev.latvian.mods.kubejs.client.KubeJSClientEventHandler.itemTintSources(net.neoforged.neoforge.client.event.RegisterColorHandlersEvent$ItemTintSources) to the event bus of mod kubejs
[209月2026 21:37:37.128] [modloading-worker-0/DEBUG] [net.neoforged.fml.javafmlmod.AutomaticEventSubscriber/LOADING]: Subscribing method public static void dev.latvian.mods.kubejs.client.KubeJSClientEventHandler.setupClient(net.neoforged.fml.event.lifecycle.FMLClientSetupEvent) to the event bus of mod kubejs
[209月2026 21:37:37.128] [modloading-worker-0/DEBUG] [net.neoforged.fml.javafmlmod.AutomaticEventSubscriber/LOADING]: Subscribing method public static void dev.latvian.mods.kubejs.client.KubeJSClientEventHandler.registerCoreShaders(net.neoforged.neoforge.client.event.RegisterRenderPipelinesEvent) to the event bus of mod kubejs
[209月2026 21:37:37.128] [modloading-worker-0/DEBUG] [net.neoforged.fml.javafmlmod.AutomaticEventSubscriber/LOADING]: Subscribing method public static void dev.latvian.mods.kubejs.client.KubeJSClientEventHandler.registerKeyMappings(net.neoforged.neoforge.client.event.RegisterKeyMappingsEvent) to the event bus of mod kubejs
[209月2026 21:37:37.128] [modloading-worker-0/DEBUG] [net.neoforged.fml.javafmlmod.AutomaticEventSubscriber/LOADING]: Subscribing method public static void dev.latvian.mods.kubejs.client.KubeJSClientEventHandler.registerParticleProviders(net.neoforged.neoforge.client.event.RegisterParticleProvidersEvent) to the event bus of mod kubejs
[209月2026 21:37:37.129] [modloading-worker-0/DEBUG] [net.neoforged.fml.javafmlmod.AutomaticEventSubscriber/LOADING]: Subscribing method public static void dev.latvian.mods.kubejs.client.KubeJSClientEventHandler.clientTick(net.neoforged.neoforge.client.event.ClientTickEvent$Pre) to the game event bus
[209月2026 21:37:37.129] [modloading-worker-0/DEBUG] [net.neoforged.fml.javafmlmod.AutomaticEventSubscriber/LOADING]: Scanning class dev.latvian.mods.kubejs.KubeJSModEventHandler for @SubscribeEvent-annotated methods
[209月2026 21:37:37.134] [modloading-worker-0/DEBUG] [net.neoforged.fml.javafmlmod.AutomaticEventSubscriber/LOADING]: Subscribing method public static void dev.latvian.mods.kubejs.KubeJSModEventHandler.loadComplete(net.neoforged.fml.event.lifecycle.FMLLoadCompleteEvent) to the event bus of mod kubejs
[209月2026 21:37:37.135] [modloading-worker-0/DEBUG] [net.neoforged.fml.javafmlmod.AutomaticEventSubscriber/LOADING]: Subscribing method public static void dev.latvian.mods.kubejs.KubeJSModEventHandler.creativeTab(net.neoforged.neoforge.event.BuildCreativeModeTabContentsEvent) to the event bus of mod kubejs
[209月2026 21:37:37.135] [modloading-worker-0/DEBUG] [net.neoforged.fml.javafmlmod.AutomaticEventSubscriber/LOADING]: Subscribing method public static void dev.latvian.mods.kubejs.KubeJSModEventHandler.registerCapabilities(net.neoforged.neoforge.capabilities.RegisterCapabilitiesEvent) to the event bus of mod kubejs
[209月2026 21:37:37.135] [modloading-worker-0/DEBUG] [net.neoforged.fml.javafmlmod.AutomaticEventSubscriber/LOADING]: Subscribing method public static void dev.latvian.mods.kubejs.KubeJSModEventHandler.modifyDefaultComponents(net.neoforged.neoforge.event.ModifyDefaultComponentsEvent) to the event bus of mod kubejs
[209月2026 21:37:37.135] [modloading-worker-0/DEBUG] [net.neoforged.fml.javafmlmod.AutomaticEventSubscriber/LOADING]: Subscribing method public static void dev.latvian.mods.kubejs.KubeJSModEventHandler.modifyRecipeJsons(net.neoforged.neoforge.event.ModifyRecipeJsonsEvent) to the game event bus
[209月2026 21:37:37.135] [modloading-worker-0/DEBUG] [net.neoforged.fml.javafmlmod.AutomaticEventSubscriber/LOADING]: Scanning class dev.latvian.mods.kubejs.item.KubeJSItemEventHandler for @SubscribeEvent-annotated methods
[209月2026 21:37:37.136] [modloading-worker-0/DEBUG] [net.neoforged.fml.javafmlmod.AutomaticEventSubscriber/LOADING]: Subscribing method public static void dev.latvian.mods.kubejs.item.KubeJSItemEventHandler.rightClick(net.neoforged.neoforge.event.entity.player.PlayerInteractEvent$RightClickItem) to the game event bus
[209月2026 21:37:37.136] [modloading-worker-0/DEBUG] [net.neoforged.fml.javafmlmod.AutomaticEventSubscriber/LOADING]: Subscribing method public static void dev.latvian.mods.kubejs.item.KubeJSItemEventHandler.itemDrop(net.neoforged.neoforge.event.entity.item.ItemTossEvent) to the game event bus
[209月2026 21:37:37.136] [modloading-worker-0/DEBUG] [net.neoforged.fml.javafmlmod.AutomaticEventSubscriber/LOADING]: Subscribing method public static void dev.latvian.mods.kubejs.item.KubeJSItemEventHandler.itemPickupPre(net.neoforged.neoforge.event.entity.player.ItemEntityPickupEvent$Pre) to the game event bus
[209月2026 21:37:37.136] [modloading-worker-0/DEBUG] [net.neoforged.fml.javafmlmod.AutomaticEventSubscriber/LOADING]: Subscribing method public static void dev.latvian.mods.kubejs.item.KubeJSItemEventHandler.itemDestroyed(net.neoforged.neoforge.event.entity.player.PlayerDestroyItemEvent) to the game event bus
[209月2026 21:37:37.137] [modloading-worker-0/DEBUG] [net.neoforged.fml.javafmlmod.AutomaticEventSubscriber/LOADING]: Subscribing method public static void dev.latvian.mods.kubejs.item.KubeJSItemEventHandler.itemPickupPost(net.neoforged.neoforge.event.entity.player.ItemEntityPickupEvent$Post) to the game event bus
[209月2026 21:37:37.137] [modloading-worker-0/DEBUG] [net.neoforged.fml.javafmlmod.AutomaticEventSubscriber/LOADING]: Subscribing method public static void dev.latvian.mods.kubejs.item.KubeJSItemEventHandler.entityInteract(net.neoforged.neoforge.event.entity.player.PlayerInteractEvent$EntityInteract) to the game event bus
[209月2026 21:37:37.137] [modloading-worker-0/DEBUG] [net.neoforged.fml.javafmlmod.AutomaticEventSubscriber/LOADING]: Subscribing method public static void dev.latvian.mods.kubejs.item.KubeJSItemEventHandler.leftClickEmpty(net.neoforged.neoforge.event.entity.player.PlayerInteractEvent$LeftClickEmpty) to the game event bus
[209月2026 21:37:37.137] [modloading-worker-0/DEBUG] [net.neoforged.fml.javafmlmod.AutomaticEventSubscriber/LOADING]: Subscribing method public static void dev.latvian.mods.kubejs.item.KubeJSItemEventHandler.crafted(net.neoforged.neoforge.event.entity.player.PlayerEvent$ItemCraftedEvent) to the game event bus
[209月2026 21:37:37.138] [modloading-worker-0/DEBUG] [net.neoforged.fml.javafmlmod.AutomaticEventSubscriber/LOADING]: Subscribing method public static void dev.latvian.mods.kubejs.item.KubeJSItemEventHandler.smelted(net.neoforged.neoforge.event.entity.player.PlayerEvent$ItemSmeltedEvent) to the game event bus
[209月2026 21:37:37.138] [modloading-worker-0/DEBUG] [net.neoforged.fml.javafmlmod.AutomaticEventSubscriber/LOADING]: Scanning class dev.latvian.mods.kubejs.server.KubeJSServerEventHandler for @SubscribeEvent-annotated methods
[209月2026 21:37:37.141] [modloading-worker-0/DEBUG] [net.neoforged.fml.javafmlmod.AutomaticEventSubscriber/LOADING]: Subscribing method public static void dev.latvian.mods.kubejs.server.KubeJSServerEventHandler.command(net.neoforged.neoforge.event.CommandEvent) to the game event bus
[209月2026 21:37:37.141] [modloading-worker-0/DEBUG] [net.neoforged.fml.javafmlmod.AutomaticEventSubscriber/LOADING]: Subscribing method public static void dev.latvian.mods.kubejs.server.KubeJSServerEventHandler.registerCommands(net.neoforged.neoforge.event.RegisterCommandsEvent) to the game event bus
[209月2026 21:37:37.141] [modloading-worker-0/DEBUG] [net.neoforged.fml.javafmlmod.AutomaticEventSubscriber/LOADING]: Subscribing method public static void dev.latvian.mods.kubejs.server.KubeJSServerEventHandler.serverStopped(net.neoforged.neoforge.event.server.ServerStoppedEvent) to the game event bus
[209月2026 21:37:37.141] [modloading-worker-0/DEBUG] [net.neoforged.fml.javafmlmod.AutomaticEventSubscriber/LOADING]: Subscribing method public static void dev.latvian.mods.kubejs.server.KubeJSServerEventHandler.serverStopping(net.neoforged.neoforge.event.server.ServerStoppingEvent) to the game event bus
[209月2026 21:37:37.141] [modloading-worker-0/DEBUG] [net.neoforged.fml.javafmlmod.AutomaticEventSubscriber/LOADING]: Subscribing method public static void dev.latvian.mods.kubejs.server.KubeJSServerEventHandler.preventPickupDuringChestGUI(net.neoforged.neoforge.event.entity.player.ItemEntityPickupEvent$Pre) to the game event bus
[209月2026 21:37:37.143] [modloading-worker-0/DEBUG] [net.neoforged.fml.javafmlmod.AutomaticEventSubscriber/LOADING]: Subscribing method public static void dev.latvian.mods.kubejs.server.KubeJSServerEventHandler.serverBeforeStart(net.neoforged.neoforge.event.server.ServerAboutToStartEvent) to the game event bus
[209月2026 21:37:37.143] [modloading-worker-0/DEBUG] [net.neoforged.fml.javafmlmod.AutomaticEventSubscriber/LOADING]: Subscribing method public static void dev.latvian.mods.kubejs.server.KubeJSServerEventHandler.serverLevelLoaded(net.neoforged.neoforge.event.level.LevelEvent$Load) to the game event bus
[209月2026 21:37:37.143] [modloading-worker-0/DEBUG] [net.neoforged.fml.javafmlmod.AutomaticEventSubscriber/LOADING]: Subscribing method public static void dev.latvian.mods.kubejs.server.KubeJSServerEventHandler.serverStarting(net.neoforged.neoforge.event.server.ServerStartingEvent) to the game event bus
[209月2026 21:37:37.143] [modloading-worker-0/DEBUG] [net.neoforged.fml.javafmlmod.AutomaticEventSubscriber/LOADING]: Subscribing method public static void dev.latvian.mods.kubejs.server.KubeJSServerEventHandler.serverLevelSaved(net.neoforged.neoforge.event.level.LevelEvent$Save) to the game event bus
[209月2026 21:37:37.143] [modloading-worker-0/DEBUG] [net.neoforged.fml.javafmlmod.AutomaticEventSubscriber/LOADING]: Subscribing method public static void dev.latvian.mods.kubejs.server.KubeJSServerEventHandler.exportLootTable(net.neoforged.neoforge.event.LootTableLoadEvent) to the game event bus
[209月2026 21:37:37.143] [modloading-worker-0/DEBUG] [net.neoforged.fml.javafmlmod.AutomaticEventSubscriber/LOADING]: Subscribing method public static void dev.latvian.mods.kubejs.server.KubeJSServerEventHandler.addReloadListeners(net.neoforged.neoforge.event.AddServerReloadListenersEvent) to the game event bus
[209月2026 21:37:37.144] [modloading-worker-0/DEBUG] [net.neoforged.fml.javafmlmod.AutomaticEventSubscriber/LOADING]: Scanning class dev.latvian.mods.kubejs.block.KubeJSBlockEventHandler for @SubscribeEvent-annotated methods
[209月2026 21:37:37.144] [modloading-worker-0/DEBUG] [net.neoforged.fml.javafmlmod.AutomaticEventSubscriber/LOADING]: Subscribing method public static void dev.latvian.mods.kubejs.block.KubeJSBlockEventHandler.drops(net.neoforged.neoforge.event.level.BlockDropsEvent) to the game event bus
[209月2026 21:37:37.144] [modloading-worker-0/DEBUG] [net.neoforged.fml.javafmlmod.AutomaticEventSubscriber/LOADING]: Subscribing method public static void dev.latvian.mods.kubejs.block.KubeJSBlockEventHandler.blockPlace(net.neoforged.neoforge.event.level.BlockEvent$EntityPlaceEvent) to the game event bus
[209月2026 21:37:37.144] [modloading-worker-0/DEBUG] [net.neoforged.fml.javafmlmod.AutomaticEventSubscriber/LOADING]: Subscribing method public static void dev.latvian.mods.kubejs.block.KubeJSBlockEventHandler.leftClick(net.neoforged.neoforge.event.entity.player.PlayerInteractEvent$LeftClickBlock) to the game event bus
[209月2026 21:37:37.145] [modloading-worker-0/DEBUG] [net.neoforged.fml.javafmlmod.AutomaticEventSubscriber/LOADING]: Subscribing method public static void dev.latvian.mods.kubejs.block.KubeJSBlockEventHandler.blockBreak(net.neoforged.neoforge.event.level.block.BreakBlockEvent) to the game event bus
[209月2026 21:37:37.145] [modloading-worker-0/DEBUG] [net.neoforged.fml.javafmlmod.AutomaticEventSubscriber/LOADING]: Subscribing method public static void dev.latvian.mods.kubejs.block.KubeJSBlockEventHandler.rightClick(net.neoforged.neoforge.event.entity.player.PlayerInteractEvent$RightClickBlock) to the game event bus
[209月2026 21:37:37.145] [modloading-worker-0/DEBUG] [net.neoforged.fml.javafmlmod.AutomaticEventSubscriber/LOADING]: Subscribing method public static void dev.latvian.mods.kubejs.block.KubeJSBlockEventHandler.farmlandTrample(net.neoforged.neoforge.event.level.BlockEvent$FarmlandTrampleEvent) to the game event bus
[209月2026 21:37:37.145] [modloading-worker-0/DEBUG] [net.neoforged.fml.javafmlmod.AutomaticEventSubscriber/LOADING]: Scanning class dev.latvian.mods.kubejs.registry.RegistryEventHandler for @SubscribeEvent-annotated methods
[209月2026 21:37:37.147] [modloading-worker-0/DEBUG] [net.neoforged.fml.javafmlmod.AutomaticEventSubscriber/LOADING]: Subscribing method public static void dev.latvian.mods.kubejs.registry.RegistryEventHandler.registerAll(net.neoforged.neoforge.registries.RegisterEvent) to the event bus of mod kubejs
[209月2026 21:37:37.147] [modloading-worker-0/DEBUG] [net.neoforged.fml.javafmlmod.AutomaticEventSubscriber/LOADING]: Subscribing method public static void dev.latvian.mods.kubejs.registry.RegistryEventHandler.registerEntityAttributes(net.neoforged.neoforge.event.entity.EntityAttributeModificationEvent) to the event bus of mod kubejs
[209月2026 21:37:37.148] [modloading-worker-0/DEBUG] [net.neoforged.fml.config.ConfigTracker/CONFIG]: Config file better-advanced-tooltips-client.toml for betteradvancedtooltips tracking
[209月2026 21:37:37.148] [modloading-worker-0/DEBUG] [net.neoforged.fml.javafmlmod.AutomaticEventSubscriber/LOADING]: Attempting to inject @EventBusSubscriber classes into the eventbus for betteradvancedtooltips
[209月2026 21:37:37.149] [modloading-worker-0/DEBUG] [net.neoforged.fml.javafmlmod.AutomaticEventSubscriber/LOADING]: Scanning class dev.latvian.mods.betteradvancedtooltips.BATClientEventHandler for @SubscribeEvent-annotated methods
[209月2026 21:37:37.150] [modloading-worker-0/DEBUG] [net.neoforged.fml.javafmlmod.AutomaticEventSubscriber/LOADING]: Subscribing method public static void dev.latvian.mods.betteradvancedtooltips.BATClientEventHandler.onItemTooltip(net.neoforged.neoforge.event.entity.player.ItemTooltipEvent) to the game event bus
[209月2026 21:37:37.540] [modloading-sync-worker/DEBUG] [mixin/]: Mixing TagEmptyConditionMixin from kubejs.mixins.json into net.neoforged.neoforge.common.conditions.TagEmptyCondition
[209月2026 21:37:37.541] [modloading-sync-worker/DEBUG] [mixin/]: kubejs.mixins.json:TagEmptyConditionMixin from mod kubejs->@Inject::kjs$test(Lnet/neoforged/neoforge/common/conditions/ICondition$IContext;Lorg/spongepowered/asm/mixin/injection/callback/CallbackInfoReturnable;)V does use it's CallbackInfoReturnable
[209月2026 21:37:37.561] [modloading-sync-worker/DEBUG] [mixin/]: Mixing CompoundIngredientMixin from kubejs.mixins.json into net.neoforged.neoforge.common.crafting.CompoundIngredient
[209月2026 21:37:37.564] [modloading-sync-worker/DEBUG] [mixin/]: Mixing DifferenceIngredientMixin from kubejs.mixins.json into net.neoforged.neoforge.common.crafting.DifferenceIngredient
[209月2026 21:37:37.566] [modloading-sync-worker/DEBUG] [mixin/]: Mixing IntersectionIngredientMixin from kubejs.mixins.json into net.neoforged.neoforge.common.crafting.IntersectionIngredient
[209月2026 21:37:37.776] [modloading-sync-worker/DEBUG] [net.neoforged.fml.config.ConfigTracker/CONFIG]: Loading configs type CLIENT
[209月2026 21:37:37.790] [modloading-sync-worker/DEBUG] [net.neoforged.neoforge.common.NeoForgeMod/FORGEMOD]: Loaded NeoForge config file neoforge-client.toml
[209月2026 21:37:37.790] [modloading-sync-worker/DEBUG] [net.neoforged.fml.config.ConfigTracker/CONFIG]: Loaded TOML config file C:\Users\32254\Documents\GitHub\twtdlcore26.1.2\run\config\neoforge-client.toml
[209月2026 21:37:37.796] [modloading-sync-worker/DEBUG] [net.neoforged.fml.config.ConfigTracker/CONFIG]: Watching TOML config file C:\Users\32254\Documents\GitHub\twtdlcore26.1.2\run\config\neoforge-client.toml for changes
[209月2026 21:37:37.801] [modloading-sync-worker/DEBUG] [net.neoforged.fml.config.ConfigTracker/CONFIG]: Loaded TOML config file C:\Users\32254\Documents\GitHub\twtdlcore26.1.2\run\config\ae2-client.toml
[209月2026 21:37:37.802] [modloading-sync-worker/DEBUG] [net.neoforged.fml.config.ConfigTracker/CONFIG]: Watching TOML config file C:\Users\32254\Documents\GitHub\twtdlcore26.1.2\run\config\ae2-client.toml for changes
[209月2026 21:37:37.805] [modloading-sync-worker/DEBUG] [net.neoforged.fml.config.ConfigTracker/CONFIG]: Loaded TOML config file C:\Users\32254\Documents\GitHub\twtdlcore26.1.2\run\config\guideme.toml
[209月2026 21:37:37.807] [modloading-sync-worker/DEBUG] [net.neoforged.fml.config.ConfigTracker/CONFIG]: Watching TOML config file C:\Users\32254\Documents\GitHub\twtdlcore26.1.2\run\config\guideme.toml for changes
[209月2026 21:37:37.811] [modloading-sync-worker/DEBUG] [net.neoforged.fml.config.ConfigTracker/CONFIG]: Loaded TOML config file C:\Users\32254\Documents\GitHub\twtdlcore26.1.2\run\config\better-advanced-tooltips-client.toml
[209月2026 21:37:37.812] [modloading-sync-worker/DEBUG] [net.neoforged.fml.config.ConfigTracker/CONFIG]: Watching TOML config file C:\Users\32254\Documents\GitHub\twtdlcore26.1.2\run\config\better-advanced-tooltips-client.toml for changes
[209月2026 21:37:37.812] [modloading-sync-worker/DEBUG] [net.neoforged.fml.config.ConfigTracker/CONFIG]: Loading configs type COMMON
[209月2026 21:37:37.815] [modloading-sync-worker/DEBUG] [net.neoforged.neoforge.common.NeoForgeMod/FORGEMOD]: Loaded NeoForge config file neoforge-common.toml
[209月2026 21:37:37.815] [modloading-sync-worker/DEBUG] [net.neoforged.fml.config.ConfigTracker/CONFIG]: Loaded TOML config file C:\Users\32254\Documents\GitHub\twtdlcore26.1.2\run\config\neoforge-common.toml
[209月2026 21:37:37.818] [modloading-sync-worker/DEBUG] [net.neoforged.fml.config.ConfigTracker/CONFIG]: Watching TOML config file C:\Users\32254\Documents\GitHub\twtdlcore26.1.2\run\config\neoforge-common.toml for changes
[209月2026 21:37:37.827] [modloading-sync-worker/DEBUG] [net.neoforged.fml.config.ConfigTracker/CONFIG]: Loaded TOML config file C:\Users\32254\Documents\GitHub\twtdlcore26.1.2\run\config\ae2-common.toml
[209月2026 21:37:37.828] [modloading-sync-worker/DEBUG] [net.neoforged.fml.config.ConfigTracker/CONFIG]: Watching TOML config file C:\Users\32254\Documents\GitHub\twtdlcore26.1.2\run\config\ae2-common.toml for changes
[209月2026 21:37:37.832] [modloading-sync-worker/DEBUG] [net.neoforged.fml.config.ConfigTracker/CONFIG]: Loaded TOML config file C:\Users\32254\Documents\GitHub\twtdlcore26.1.2\run\config\mmcr-common.toml
[209月2026 21:37:37.833] [modloading-sync-worker/DEBUG] [net.neoforged.fml.config.ConfigTracker/CONFIG]: Watching TOML config file C:\Users\32254\Documents\GitHub\twtdlcore26.1.2\run\config\mmcr-common.toml for changes
[209月2026 21:37:37.835] [modloading-sync-worker/DEBUG] [net.neoforged.neoforge.common.ModConfigSpec/CORE]: List on key items is deemed to need correction, as it is null, not a list, or the wrong size.
[209月2026 21:37:37.837] [modloading-sync-worker/DEBUG] [net.neoforged.fml.config.ConfigTracker/CONFIG]: Loaded TOML config file C:\Users\32254\Documents\GitHub\twtdlcore26.1.2\run\config\twtdlcore-common.toml
[209月2026 21:37:37.839] [modloading-sync-worker/DEBUG] [net.neoforged.fml.config.ConfigTracker/CONFIG]: Watching TOML config file C:\Users\32254\Documents\GitHub\twtdlcore26.1.2\run\config\twtdlcore-common.toml for changes
[209月2026 21:37:37.993] [Render thread/INFO] [com.mojang.authlib.yggdrasil.YggdrasilAuthenticationService/]: Environment: Environment[sessionHost=https://sessionserver.mojang.com, servicesHost=https://api.minecraftservices.com, profilesHost=https://api.mojang.com, name=PROD]
[209月2026 21:37:38.010] [Render thread/INFO] [net.minecraft.client.Minecraft/]: Setting user: Dev
[209月2026 21:37:38.011] [Render thread/DEBUG] [mixin/]: Mixing OptionsMixin from kubejs.mixins.json into net.minecraft.client.Options
[209月2026 21:37:38.012] [Render thread/DEBUG] [mixin/]: kubejs.mixins.json:OptionsMixin from mod kubejs->@Inject::loadKJS(Lorg/spongepowered/asm/mixin/injection/callback/CallbackInfo;)V doesn't use it's CallbackInfo
[209月2026 21:37:38.012] [Render thread/DEBUG] [mixin/]: kubejs.mixins.json:OptionsMixin from mod kubejs->@Inject::loadKJS(Lorg/spongepowered/asm/mixin/injection/callback/CallbackInfo;)V has 0 override(s) in child classes
[209月2026 21:37:38.012] [Render thread/DEBUG] [mixin/]: kubejs.mixins.json:OptionsMixin from mod kubejs->@Inject::loadKJS(Lorg/spongepowered/asm/mixin/injection/callback/CallbackInfo;)V won't be passed a CallbackInfo as a result
[209月2026 21:37:38.109] [Render thread/INFO] [net.minecraft.client.Minecraft/]: Backend library: LWJGL version 3.4.1+2
[209月2026 21:37:38.111] [Render thread/DEBUG] [mixin/]: Mixing WindowMixin from kubejs.mixins.json into com.mojang.blaze3d.platform.Window
[209月2026 21:37:38.263] [Render thread/DEBUG] [mixin/]: Mixing KeyboardHandlerMixin from kubejs.mixins.json into net.minecraft.client.KeyboardHandler
[209月2026 21:37:38.263] [Render thread/DEBUG] [mixin/]: kubejs.mixins.json:KeyboardHandlerMixin from mod kubejs->@Inject::reloadResources(Lnet/minecraft/client/input/KeyEvent;Lorg/spongepowered/asm/mixin/injection/callback/CallbackInfoReturnable;)V doesn't use it's CallbackInfoReturnable
[209月2026 21:37:38.263] [Render thread/DEBUG] [mixin/]: kubejs.mixins.json:KeyboardHandlerMixin from mod kubejs->@Inject::reloadResources(Lnet/minecraft/client/input/KeyEvent;Lorg/spongepowered/asm/mixin/injection/callback/CallbackInfoReturnable;)V has 0 override(s) in child classes
[209月2026 21:37:38.264] [Render thread/DEBUG] [mixin/]: kubejs.mixins.json:KeyboardHandlerMixin from mod kubejs->@Inject::reloadResources(Lnet/minecraft/client/input/KeyEvent;Lorg/spongepowered/asm/mixin/injection/callback/CallbackInfoReturnable;)V won't be passed a CallbackInfoReturnable as a result
[209月2026 21:37:38.275] [Render thread/INFO] [net.minecraft.client.Minecraft/]: Using optional rendering extensions: GL_ARB_buffer_storage, GL_KHR_debug, GL_ARB_vertex_attrib_binding, GL_ARB_direct_state_access, GL_EXT_texture_filter_anisotropic
[209月2026 21:37:38.279] [Render thread/DEBUG] [mixin/]: Mixing MultiPackResourceManagerMixin from kubejs.mixins.json into net.minecraft.server.packs.resources.MultiPackResourceManager
[209月2026 21:37:38.451] [Render thread/DEBUG] [mixin/]: Mixing LanguageManagerMixin from jade.mixins.json into net.minecraft.client.resources.language.LanguageManager
[209月2026 21:37:38.452] [Render thread/DEBUG] [mixin/]: jade.mixins.json:LanguageManagerMixin from mod jade: Class version 69 required is higher than the class version supported by the current version of Mixin (JAVA_21 supports class version 65)
[209月2026 21:37:38.454] [Render thread/DEBUG] [mixin/]: jade.mixins.json:LanguageManagerMixin from mod jade->@Inject::jade$onResourceManagerReload(Lnet/minecraft/server/packs/resources/ResourceManager;Lorg/spongepowered/asm/mixin/injection/callback/CallbackInfo;)V doesn't use it's CallbackInfo
[209月2026 21:37:38.454] [Render thread/DEBUG] [mixin/]: jade.mixins.json:LanguageManagerMixin from mod jade->@Inject::jade$onResourceManagerReload(Lnet/minecraft/server/packs/resources/ResourceManager;Lorg/spongepowered/asm/mixin/injection/callback/CallbackInfo;)V has 0 override(s) in child classes
[209月2026 21:37:38.454] [Render thread/DEBUG] [mixin/]: jade.mixins.json:LanguageManagerMixin from mod jade->@Inject::jade$onResourceManagerReload(Lnet/minecraft/server/packs/resources/ResourceManager;Lorg/spongepowered/asm/mixin/injection/callback/CallbackInfo;)V won't be passed a CallbackInfo as a result
[209月2026 21:37:38.535] [Render thread/DEBUG] [mixin/]: Mixing RenderTypeAccessor from mmcr.mixins.json into net.minecraft.client.renderer.rendertype.RenderType
[209月2026 21:37:38.535] [Render thread/DEBUG] [mixin/]: mmcr.mixins.json:RenderTypeAccessor from mod mmcr: Class version 69 required is higher than the class version supported by the current version of Mixin (JAVA_21 supports class version 65)
[209月2026 21:37:38.537] [Render thread/DEBUG] [mixin/]: Mixing RenderSetupAccessor from mmcr.mixins.json into net.minecraft.client.renderer.rendertype.RenderSetup
[209月2026 21:37:38.538] [Render thread/DEBUG] [mixin/]: mmcr.mixins.json:RenderSetupAccessor from mod mmcr: Class version 69 required is higher than the class version supported by the current version of Mixin (JAVA_21 supports class version 65)
[209月2026 21:37:38.604] [Render thread/DEBUG] [mixin/]: Mixing ModelManagerMixin from athena.mixins.json into net.minecraft.client.resources.model.ModelManager
[209月2026 21:37:38.605] [Render thread/DEBUG] [mixin/]: athena.mixins.json:ModelManagerMixin from mod athena: Class version 69 required is higher than the class version supported by the current version of Mixin (JAVA_17 supports class version 61)
[209月2026 21:37:38.605] [Render thread/DEBUG] [mixin/]: Renaming synthetic method lambda$wrapReload$0(Lcom/llamalad7/mixinextras/injector/wrapoperation/Operation;Lnet/minecraft/server/packs/resources/PreparableReloadListener$SharedState;Ljava/util/concurrent/Executor;Lnet/minecraft/server/packs/resources/PreparableReloadListener$PreparationBarrier;Ljava/util/concurrent/Executor;Ljava/lang/Void;)Ljava/util/concurrent/CompletionStage; to md7ea979$athena$lambda$wrapReload$0$0 in athena.mixins.json:ModelManagerMixin from mod athena
[209月2026 21:37:38.621] [Render thread/DEBUG] [mixin/]: Mixing ModelBakeryMixin from athena-neoforge.mixins.json into net.minecraft.client.resources.model.ModelBakery
[209月2026 21:37:38.621] [Render thread/DEBUG] [mixin/]: athena-neoforge.mixins.json:ModelBakeryMixin from mod athena: Class version 69 required is higher than the class version supported by the current version of Mixin (JAVA_17 supports class version 61)
[209月2026 21:37:38.699] [Render thread/DEBUG] [mixin/]: Mixing GameRendererMixin from mmcr.mixins.json into net.minecraft.client.renderer.GameRenderer
[209月2026 21:37:38.699] [Render thread/DEBUG] [mixin/]: mmcr.mixins.json:GameRendererMixin from mod mmcr: Class version 69 required is higher than the class version supported by the current version of Mixin (JAVA_21 supports class version 65)
[209月2026 21:37:38.699] [Render thread/DEBUG] [mixin/]: Mixing GameRendererMixin from kubejs.mixins.json into net.minecraft.client.renderer.GameRenderer
[209月2026 21:37:38.701] [Render thread/DEBUG] [mixin/]: mmcr.mixins.json:GameRendererMixin from mod mmcr->@Inject::mmcr$usePreviewLightmap(Lorg/spongepowered/asm/mixin/injection/callback/CallbackInfoReturnable;)V does use it's CallbackInfoReturnable
[209月2026 21:37:38.701] [Render thread/DEBUG] [mixin/]: kubejs.mixins.json:GameRendererMixin from mod kubejs->@Inject::kjs$checkEntityPostEffect(Lnet/minecraft/world/entity/Entity;Lorg/spongepowered/asm/mixin/injection/callback/CallbackInfo;)V does use it's CallbackInfo
[209月2026 21:37:38.723] [Render thread/DEBUG] [mixin/]: Mixing FogRendererMixin from jade.mixins.json into net.minecraft.client.renderer.fog.FogRenderer
[209月2026 21:37:38.724] [Render thread/DEBUG] [mixin/]: jade.mixins.json:FogRendererMixin from mod jade: Class version 69 required is higher than the class version supported by the current version of Mixin (JAVA_21 supports class version 65)
[209月2026 21:37:38.724] [Render thread/DEBUG] [mixin/]: jade.mixins.json:FogRendererMixin from mod jade->@Inject::jade$setupFog(Lnet/minecraft/client/Camera;ILnet/minecraft/client/DeltaTracker;FLnet/minecraft/client/multiplayer/ClientLevel;Lorg/spongepowered/asm/mixin/injection/callback/CallbackInfoReturnable;)V doesn't use it's CallbackInfoReturnable
[209月2026 21:37:38.724] [Render thread/DEBUG] [mixin/]: jade.mixins.json:FogRendererMixin from mod jade->@Inject::jade$setupFog(Lnet/minecraft/client/Camera;ILnet/minecraft/client/DeltaTracker;FLnet/minecraft/client/multiplayer/ClientLevel;Lorg/spongepowered/asm/mixin/injection/callback/CallbackInfoReturnable;)V has 0 override(s) in child classes
[209月2026 21:37:38.724] [Render thread/DEBUG] [mixin/]: jade.mixins.json:FogRendererMixin from mod jade->@Inject::jade$setupFog(Lnet/minecraft/client/Camera;ILnet/minecraft/client/DeltaTracker;FLnet/minecraft/client/multiplayer/ClientLevel;Lorg/spongepowered/asm/mixin/injection/callback/CallbackInfoReturnable;)V won't be passed a CallbackInfoReturnable as a result
[209月2026 21:37:38.752] [Render thread/DEBUG] [mixin/]: Mixing MeshDataAccessor from mmcr.mixins.json into com.mojang.blaze3d.vertex.MeshData
[209月2026 21:37:38.752] [Render thread/DEBUG] [mixin/]: mmcr.mixins.json:MeshDataAccessor from mod mmcr: Class version 69 required is higher than the class version supported by the current version of Mixin (JAVA_21 supports class version 65)
[209月2026 21:37:38.801] [Render thread/DEBUG] [mixin/]: Mixing DebugScreenOverlayMixin from kubejs.mixins.json into net.minecraft.client.gui.components.DebugScreenOverlay
[209月2026 21:37:38.808] [Render thread/DEBUG] [mixin/]: kubejs.mixins.json:DebugScreenOverlayMixin from mod kubejs->@Inject::kubejs$debugText(Lnet/minecraft/client/gui/GuiGraphicsExtractor;Lorg/spongepowered/asm/mixin/injection/callback/CallbackInfo;)V doesn't use it's CallbackInfo
[209月2026 21:37:38.809] [Render thread/DEBUG] [mixin/]: kubejs.mixins.json:DebugScreenOverlayMixin from mod kubejs->@Inject::kubejs$debugText(Lnet/minecraft/client/gui/GuiGraphicsExtractor;Lorg/spongepowered/asm/mixin/injection/callback/CallbackInfo;)V has 0 override(s) in child classes
[209月2026 21:37:38.809] [Render thread/DEBUG] [mixin/]: kubejs.mixins.json:DebugScreenOverlayMixin from mod kubejs->@Inject::kubejs$debugText(Lnet/minecraft/client/gui/GuiGraphicsExtractor;Lorg/spongepowered/asm/mixin/injection/callback/CallbackInfo;)V won't be passed a CallbackInfo as a result
[209月2026 21:37:38.818] [Render thread/DEBUG] [mixin/]: Mixing BossHealthOverlayMixin from jade.mixins.json into net.minecraft.client.gui.components.BossHealthOverlay
[209月2026 21:37:38.818] [Render thread/DEBUG] [mixin/]: jade.mixins.json:BossHealthOverlayMixin from mod jade: Class version 69 required is higher than the class version supported by the current version of Mixin (JAVA_21 supports class version 65)
[209月2026 21:37:38.822] [Render thread/DEBUG] [mixin/]: jade.mixins.json:BossHealthOverlayMixin from mod jade->@Inject::jade$render(Lnet/minecraft/client/gui/GuiGraphicsExtractor;Lorg/spongepowered/asm/mixin/injection/callback/CallbackInfo;)V does use it's CallbackInfo
[209月2026 21:37:38.823] [Render thread/DEBUG] [mixin/]: jade.mixins.json:BossHealthOverlayMixin from mod jade->@Inject::jade$captureHeight(Lnet/minecraft/client/gui/GuiGraphicsExtractor;Lorg/spongepowered/asm/mixin/injection/callback/CallbackInfo;)V doesn't use it's CallbackInfo
[209月2026 21:37:38.823] [Render thread/DEBUG] [mixin/]: jade.mixins.json:BossHealthOverlayMixin from mod jade->@Inject::jade$captureHeight(Lnet/minecraft/client/gui/GuiGraphicsExtractor;Lorg/spongepowered/asm/mixin/injection/callback/CallbackInfo;)V has 0 override(s) in child classes
[209月2026 21:37:38.823] [Render thread/DEBUG] [mixin/]: jade.mixins.json:BossHealthOverlayMixin from mod jade->@Inject::jade$captureHeight(Lnet/minecraft/client/gui/GuiGraphicsExtractor;Lorg/spongepowered/asm/mixin/injection/callback/CallbackInfo;)V won't be passed a CallbackInfo as a result
[209月2026 21:37:38.827] [Render thread/DEBUG] [mixin/]: Mixing GuiGraphicsExtractorMixin from jade.mixins.json into net.minecraft.client.gui.GuiGraphicsExtractor
[209月2026 21:37:38.828] [Render thread/DEBUG] [mixin/]: jade.mixins.json:GuiGraphicsExtractorMixin from mod jade: Class version 69 required is higher than the class version supported by the current version of Mixin (JAVA_21 supports class version 65)
[209月2026 21:37:38.828] [Render thread/DEBUG] [mixin/]: Mixing client.GuiGraphicsMixin from ae2.mixins.json into net.minecraft.client.gui.GuiGraphicsExtractor
[209月2026 21:37:38.828] [Render thread/DEBUG] [mixin/]: ae2.mixins.json:client.GuiGraphicsMixin from mod ae2: Class version 69 required is higher than the class version supported by the current version of Mixin (JAVA_11 supports class version 55)
[209月2026 21:37:38.828] [Render thread/DEBUG] [mixin/]: Mixing GuiGraphicsExtractorAccessor from mmcr.mixins.json into net.minecraft.client.gui.GuiGraphicsExtractor
[209月2026 21:37:38.828] [Render thread/DEBUG] [mixin/]: mmcr.mixins.json:GuiGraphicsExtractorAccessor from mod mmcr: Class version 69 required is higher than the class version supported by the current version of Mixin (JAVA_21 supports class version 65)
[209月2026 21:37:38.829] [Render thread/DEBUG] [mixin/]: Mixing GuiGraphicsExtractorMixin from kubejs.mixins.json into net.minecraft.client.gui.GuiGraphicsExtractor
[209月2026 21:37:38.830] [Render thread/DEBUG] [mixin/]: jade.mixins.json:GuiGraphicsExtractorMixin from mod jade->@Inject::jade$containsPointInScissor(IILorg/spongepowered/asm/mixin/injection/callback/CallbackInfoReturnable;)V does use it's CallbackInfoReturnable
[209月2026 21:37:38.830] [Render thread/DEBUG] [mixin/]: jade.mixins.json:GuiGraphicsExtractorMixin from mod jade->@Inject::jade$appendModName(Lnet/minecraft/client/gui/Font;Ljava/util/List;IILnet/minecraft/client/gui/screens/inventory/tooltip/ClientTooltipPositioner;Lnet/minecraft/resources/Identifier;ZLorg/spongepowered/asm/mixin/injection/callback/CallbackInfo;)V doesn't use it's CallbackInfo
[209月2026 21:37:38.830] [Render thread/DEBUG] [mixin/]: jade.mixins.json:GuiGraphicsExtractorMixin from mod jade->@Inject::jade$appendModName(Lnet/minecraft/client/gui/Font;Ljava/util/List;IILnet/minecraft/client/gui/screens/inventory/tooltip/ClientTooltipPositioner;Lnet/minecraft/resources/Identifier;ZLorg/spongepowered/asm/mixin/injection/callback/CallbackInfo;)V has 0 override(s) in child classes
[209月2026 21:37:38.830] [Render thread/DEBUG] [mixin/]: jade.mixins.json:GuiGraphicsExtractorMixin from mod jade->@Inject::jade$appendModName(Lnet/minecraft/client/gui/Font;Ljava/util/List;IILnet/minecraft/client/gui/screens/inventory/tooltip/ClientTooltipPositioner;Lnet/minecraft/resources/Identifier;ZLorg/spongepowered/asm/mixin/injection/callback/CallbackInfo;)V won't be passed a CallbackInfo as a result
[209月2026 21:37:38.830] [Render thread/DEBUG] [mixin/]: ae2.mixins.json:client.GuiGraphicsMixin from mod ae2->@Inject::renderGuiItem(Lnet/minecraft/world/entity/LivingEntity;Lnet/minecraft/world/level/Level;Lnet/minecraft/world/item/ItemStack;IIILorg/spongepowered/asm/mixin/injection/callback/CallbackInfo;)V does use it's CallbackInfo
[209月2026 21:37:38.830] [Render thread/DEBUG] [mixin/]: kubejs.mixins.json:GuiGraphicsExtractorMixin from mod kubejs->@Inject::kjs$renderItemCount(Lnet/minecraft/client/gui/Font;Lnet/minecraft/world/item/ItemStack;IILjava/lang/String;Lorg/spongepowered/asm/mixin/injection/callback/CallbackInfo;)V does use it's CallbackInfo
[209月2026 21:37:39.238] [modloading-sync-worker/DEBUG] [net.neoforged.fml.DeferredWorkQueue/LOADING]: Dispatching synchronous work for work queue Common setup: 2 jobs
[209月2026 21:37:39.251] [modloading-sync-worker/DEBUG] [net.neoforged.fml.DeferredWorkQueue/LOADING]: Synchronous work queue completed in 12.69 ms
[209月2026 21:37:39.253] [modloading-worker-0/INFO] [twtdlcore/]: HELLO FROM CLIENT SETUP
[209月2026 21:37:39.253] [modloading-worker-0/INFO] [twtdlcore/]: MINECRAFT NAME >> Dev
[209月2026 21:37:39.516] [modloading-sync-worker/DEBUG] [net.neoforged.fml.DeferredWorkQueue/LOADING]: Dispatching synchronous work for work queue Sided setup: 2 jobs
[209月2026 21:37:39.544] [modloading-sync-worker/INFO] [KubeJS/]: Started the local web server at http://localhost:61423
[209月2026 21:37:39.546] [modloading-sync-worker/DEBUG] [net.neoforged.fml.DeferredWorkQueue/LOADING]: Synchronous work queue completed in 29.03 ms
[209月2026 21:37:39.579] [modloading-sync-worker/DEBUG] [net.neoforged.fml.DeferredWorkQueue/LOADING]: Dispatching synchronous work for work queue Complete loading of 15 mods: 2 jobs
[209月2026 21:37:39.603] [modloading-sync-worker/INFO] [snownee.jade.Jade/]: Start loading plugin from Jade: snownee.jade.addon.access.AccessibilityPlugin
[209月2026 21:37:39.611] [modloading-sync-worker/INFO] [snownee.jade.Jade/]: snownee.jade.addon.access.AccessibilityPlugin loaded: 7.336 ms
[209月2026 21:37:39.613] [modloading-sync-worker/INFO] [snownee.jade.Jade/]: Start loading plugin from Jade: snownee.jade.addon.core.CorePlugin
[209月2026 21:37:39.620] [modloading-sync-worker/INFO] [snownee.jade.Jade/]: snownee.jade.addon.core.CorePlugin loaded: 6.996 ms
[209月2026 21:37:39.622] [modloading-sync-worker/INFO] [snownee.jade.Jade/]: Start loading plugin from Jade: snownee.jade.addon.debug.DebugPlugin
[209月2026 21:37:39.627] [modloading-sync-worker/INFO] [snownee.jade.Jade/]: snownee.jade.addon.debug.DebugPlugin loaded: 5.533 ms
[209月2026 21:37:39.630] [modloading-sync-worker/INFO] [snownee.jade.Jade/]: Start loading plugin from Jade: snownee.jade.addon.universal.UniversalPlugin
[209月2026 21:37:39.651] [modloading-sync-worker/INFO] [snownee.jade.Jade/]: snownee.jade.addon.universal.UniversalPlugin loaded: 21.71 ms
[209月2026 21:37:39.654] [modloading-sync-worker/INFO] [snownee.jade.Jade/]: Start loading plugin from Jade: snownee.jade.addon.vanilla.VanillaPlugin
[209月2026 21:37:39.692] [modloading-sync-worker/INFO] [snownee.jade.Jade/]: snownee.jade.addon.vanilla.VanillaPlugin loaded: 37.71 ms
[209月2026 21:37:39.694] [modloading-sync-worker/INFO] [snownee.jade.Jade/]: Start loading plugin from Applied Energistics 2: appeng.integration.modules.jade.JadeModule
[209月2026 21:37:39.722] [modloading-sync-worker/DEBUG] [appeng.integration.modules.igtooltip.TooltipProviders/]: Registering default-data for BE BaseClass[blockEntity=class appeng.blockentity.AEBaseBlockEntity, block=class appeng.block.AEBaseEntityBlock] and sub-classes
[209月2026 21:37:39.723] [modloading-sync-worker/DEBUG] [appeng.integration.modules.igtooltip.TooltipProviders/]: Registering part host provider for BaseClass[blockEntity=class appeng.blockentity.networking.CableBusBlockEntity, block=class appeng.block.networking.CableBusBlock] and sub-classes
[209月2026 21:37:39.729] [modloading-sync-worker/DEBUG] [appeng.integration.modules.igtooltip.TooltipProviders/]: Registering default client providers for BE BaseClass[blockEntity=class appeng.blockentity.AEBaseBlockEntity, block=class appeng.block.AEBaseEntityBlock] and sub-classes
[209月2026 21:37:39.729] [modloading-sync-worker/DEBUG] [appeng.integration.modules.igtooltip.TooltipProviders/]: Registering part host provider for BaseClass[blockEntity=class appeng.blockentity.networking.CableBusBlockEntity, block=class appeng.block.networking.CableBusBlock] and sub-classes
[209月2026 21:37:39.734] [modloading-sync-worker/INFO] [snownee.jade.Jade/]: appeng.integration.modules.jade.JadeModule loaded: 39.94 ms
[209月2026 21:37:39.736] [modloading-sync-worker/INFO] [snownee.jade.Jade/]: Start loading plugin from Modular Machinery Community Refoxed: cn.howxu.mmcr.compat.jade.JadePlugin
[209月2026 21:37:39.742] [modloading-sync-worker/INFO] [snownee.jade.Jade/]: cn.howxu.mmcr.compat.jade.JadePlugin loaded: 6.006 ms
[209月2026 21:37:39.863] [modloading-sync-worker/INFO] [KubeJS Startup/]: Capturing errors for startup scripts disabled
[209月2026 21:37:39.863] [modloading-sync-worker/INFO] [KubeJS Client/]: Capturing errors for client scripts disabled
[209月2026 21:37:39.864] [modloading-sync-worker/DEBUG] [net.neoforged.fml.DeferredWorkQueue/LOADING]: Synchronous work queue completed in 283.4 ms
[209月2026 21:37:40.072] [modloading-sync-worker/DEBUG] [mixin/]: Mixing RecipeHolderMixin from kubejs.mixins.json into net.minecraft.world.item.crafting.RecipeHolder
[209月2026 21:37:40.193] [Render thread/INFO] [KubeJS/]: Loaded 22 asset packs: vanilla, KubeJS Virtual Resource Pack [Before Mods, assets], mod_resources, mod/rhino, mod/jade, mod/guideme, mod/jei, mod/ae2, mod/spark, mod/athena, mod/registrylib, mod/mmcr, mod/ctm, mod/neoforge, mod/kubejs, KubeJS Virtual Resource Pack [Internal, assets], KubeJS Virtual Resource Pack [After Mods, assets], KubeJS File Resource Pack [assets], mod/betteradvancedtooltips, mod/twtdlcore, mmcr/runtime_machine_models, KubeJS Virtual Resource Pack [Last, assets]
[209月2026 21:37:40.196] [Render thread/INFO] [net.minecraft.server.packs.resources.ReloadableResourceManager/]: Reloading ResourceManager: vanilla, KubeJS Virtual Resource Pack [Before Mods, assets], mod_resources, mod/rhino, mod/jade, mod/guideme, mod/jei, mod/ae2, mod/spark, mod/athena, mod/registrylib, mod/mmcr, mod/ctm, mod/neoforge, mod/kubejs, KubeJS Virtual Resource Pack [Internal, assets], KubeJS Virtual Resource Pack [After Mods, assets], KubeJS File Resource Pack [assets], mod/betteradvancedtooltips, mod/twtdlcore, mmcr/runtime_machine_models, KubeJS Virtual Resource Pack [Last, assets]
[209月2026 21:37:40.822] [Render thread/INFO] [KubeJS Client/]: Client resource reload complete!
[209月2026 21:37:40.831] [Render thread/DEBUG] [net.neoforged.fml.classloading.transformation.ClassTransformStatistics/]: Transformed/total loaded classes: 561/10950 (5.12%) and 373 parsed for mixin
[209月2026 21:37:40.974] [Render thread/INFO] [net.minecraft.client.Minecraft/]: Stopping!
[209月2026 21:37:41.188] [Render thread/INFO] [KubeJS/]: Closed KubeJS Virtual Resource Pack [Before Mods, assets]
[209月2026 21:37:41.188] [Render thread/INFO] [KubeJS/]: Closed KubeJS Virtual Resource Pack [Internal, assets]
[209月2026 21:37:41.188] [Render thread/INFO] [KubeJS/]: Closed KubeJS Virtual Resource Pack [After Mods, assets]
[209月2026 21:37:41.190] [Render thread/INFO] [KubeJS/]: Closed KubeJS Virtual Resource Pack [Last, assets]
[209月2026 21:37:41.492] [resourceLoad/WARN] [net.minecraft.client.gui.font.FontManager/]: Unable to load font 'kubejs:icons' in fonts.json in resourcepack: 'mod/kubejs'
java.lang.IllegalStateException: zip file closed
	at java.base/java.util.zip.ZipFile.ensureOpen(ZipFile.java:826) ~[?:?]
	at java.base/java.util.zip.ZipFile.getInputStream(ZipFile.java:330) ~[?:?]
	at TRANSFORMER/minecraft@26.1.2/net.minecraft.server.packs.resources.IoSupplier.lambda$create$1(IoSupplier.java:17) ~[minecraft-patched-26.1.2.109.jar:?]
	at TRANSFORMER/minecraft@26.1.2/net.minecraft.server.packs.resources.Resource.open(Resource.java:45) ~[minecraft-patched-26.1.2.109.jar:?]
	at TRANSFORMER/minecraft@26.1.2/net.minecraft.server.packs.resources.Resource.openAsReader(Resource.java:49) ~[minecraft-patched-26.1.2.109.jar:?]
	at TRANSFORMER/minecraft@26.1.2/net.minecraft.client.gui.font.FontManager.loadResourceStack(FontManager.java:241) ~[minecraft-patched-26.1.2.109.jar:?]
	at TRANSFORMER/minecraft@26.1.2/net.minecraft.client.gui.font.FontManager.lambda$prepare$0(FontManager.java:110) ~[minecraft-patched-26.1.2.109.jar:?]
	at java.base/java.util.concurrent.CompletableFuture$AsyncSupply.run(CompletableFuture.java:1789) ~[?:?]
	at TRANSFORMER/minecraft@26.1.2/net.minecraft.server.packs.resources.SimpleReloadInstance.lambda$prepareTasks$1(SimpleReloadInstance.java:68) ~[minecraft-patched-26.1.2.109.jar:?]
	at TRANSFORMER/minecraft@26.1.2/net.minecraft.TracingExecutor.lambda$forName$1(TracingExecutor.java:18) ~[minecraft-patched-26.1.2.109.jar:?]
	at java.base/java.util.concurrent.ForkJoinTask$RunnableExecuteAction.compute(ForkJoinTask.java:1750) [?:?]
	at java.base/java.util.concurrent.ForkJoinTask$RunnableExecuteAction.compute(ForkJoinTask.java:1742) [?:?]
	at java.base/java.util.concurrent.ForkJoinTask$InterruptibleTask.exec(ForkJoinTask.java:1659) [?:?]
	at java.base/java.util.concurrent.ForkJoinTask.doExec(ForkJoinTask.java:511) [?:?]
	at java.base/java.util.concurrent.ForkJoinPool$WorkQueue.topLevelExec(ForkJoinPool.java:1450) [?:?]
	at java.base/java.util.concurrent.ForkJoinPool.runWorker(ForkJoinPool.java:2019) [?:?]
	at java.base/java.util.concurrent.ForkJoinWorkerThread.run(ForkJoinWorkerThread.java:187) [?:?]
[209月2026 21:37:41.487] [resourceLoad/WARN] [net.minecraft.client.gui.font.FontManager/]: Unable to load font 'betteradvancedtooltips:icons' in fonts.json in resourcepack: 'mod/betteradvancedtooltips'
java.lang.IllegalStateException: zip file closed
	at java.base/java.util.zip.ZipFile.ensureOpen(ZipFile.java:826) ~[?:?]
	at java.base/java.util.zip.ZipFile.getInputStream(ZipFile.java:330) ~[?:?]
	at TRANSFORMER/minecraft@26.1.2/net.minecraft.server.packs.resources.IoSupplier.lambda$create$1(IoSupplier.java:17) ~[minecraft-patched-26.1.2.109.jar:?]
	at TRANSFORMER/minecraft@26.1.2/net.minecraft.server.packs.resources.Resource.open(Resource.java:45) ~[minecraft-patched-26.1.2.109.jar:?]
	at TRANSFORMER/minecraft@26.1.2/net.minecraft.server.packs.resources.Resource.openAsReader(Resource.java:49) ~[minecraft-patched-26.1.2.109.jar:?]
	at TRANSFORMER/minecraft@26.1.2/net.minecraft.client.gui.font.FontManager.loadResourceStack(FontManager.java:241) ~[minecraft-patched-26.1.2.109.jar:?]
	at TRANSFORMER/minecraft@26.1.2/net.minecraft.client.gui.font.FontManager.lambda$prepare$0(FontManager.java:110) ~[minecraft-patched-26.1.2.109.jar:?]
	at java.base/java.util.concurrent.CompletableFuture$AsyncSupply.run(CompletableFuture.java:1789) ~[?:?]
	at TRANSFORMER/minecraft@26.1.2/net.minecraft.server.packs.resources.SimpleReloadInstance.lambda$prepareTasks$1(SimpleReloadInstance.java:68) ~[minecraft-patched-26.1.2.109.jar:?]
	at TRANSFORMER/minecraft@26.1.2/net.minecraft.TracingExecutor.lambda$forName$1(TracingExecutor.java:18) ~[minecraft-patched-26.1.2.109.jar:?]
	at java.base/java.util.concurrent.ForkJoinTask$RunnableExecuteAction.compute(ForkJoinTask.java:1750) [?:?]
	at java.base/java.util.concurrent.ForkJoinTask$RunnableExecuteAction.compute(ForkJoinTask.java:1742) [?:?]
	at java.base/java.util.concurrent.ForkJoinTask$InterruptibleTask.exec(ForkJoinTask.java:1659) [?:?]
	at java.base/java.util.concurrent.ForkJoinTask.doExec(ForkJoinTask.java:511) [?:?]
	at java.base/java.util.concurrent.ForkJoinPool$WorkQueue.topLevelExec(ForkJoinPool.java:1450) [?:?]
	at java.base/java.util.concurrent.ForkJoinPool.runWorker(ForkJoinPool.java:2019) [?:?]
	at java.base/java.util.concurrent.ForkJoinWorkerThread.run(ForkJoinWorkerThread.java:187) [?:?]
[209月2026 21:37:41.491] [resourceLoad/ERROR] [net.minecraft.client.renderer.texture.atlas.SpriteResourceLoader/]: Unable to parse metadata from ae2:energy
java.lang.IllegalStateException: zip file closed
	at java.base/java.util.zip.ZipFile.ensureOpen(ZipFile.java:826) ~[?:?]
	at java.base/java.util.zip.ZipFile.getInputStream(ZipFile.java:330) ~[?:?]
	at TRANSFORMER/minecraft@26.1.2/net.minecraft.server.packs.resources.IoSupplier.lambda$create$1(IoSupplier.java:17) ~[minecraft-patched-26.1.2.109.jar:?]
	at TRANSFORMER/minecraft@26.1.2/net.minecraft.server.packs.resources.FallbackResourceManager.parseMetadata(FallbackResourceManager.java:225) ~[minecraft-patched-26.1.2.109.jar:?]
	at TRANSFORMER/minecraft@26.1.2/net.minecraft.server.packs.resources.FallbackResourceManager.lambda$convertToMetadata$0(FallbackResourceManager.java:220) ~[minecraft-patched-26.1.2.109.jar:?]
	at TRANSFORMER/minecraft@26.1.2/net.minecraft.server.packs.resources.Resource.metadata(Resource.java:54) ~[minecraft-patched-26.1.2.109.jar:?]
	at TRANSFORMER/minecraft@26.1.2/net.minecraft.client.renderer.texture.atlas.SpriteResourceLoader.lambda$create$0(SpriteResourceLoader.java:35) ~[minecraft-patched-26.1.2.109.jar:?]
	at TRANSFORMER/minecraft@26.1.2/net.minecraft.client.renderer.texture.atlas.SpriteResourceLoader.loadSprite(SpriteResourceLoader.java:76) ~[minecraft-patched-26.1.2.109.jar:?]
	at TRANSFORMER/minecraft@26.1.2/net.minecraft.client.renderer.texture.atlas.SpriteSource$Output.lambda$add$0(SpriteSource.java:37) ~[minecraft-patched-26.1.2.109.jar:?]
	at TRANSFORMER/minecraft@26.1.2/net.minecraft.client.renderer.texture.SpriteLoader.lambda$runSpriteSuppliers$1(SpriteLoader.java:123) ~[minecraft-patched-26.1.2.109.jar:?]
	at java.base/java.util.concurrent.CompletableFuture$AsyncSupply.run(CompletableFuture.java:1789) ~[?:?]
	at TRANSFORMER/minecraft@26.1.2/net.minecraft.server.packs.resources.SimpleReloadInstance.lambda$prepareTasks$1(SimpleReloadInstance.java:68) ~[minecraft-patched-26.1.2.109.jar:?]
	at TRANSFORMER/minecraft@26.1.2/net.minecraft.TracingExecutor.lambda$forName$1(TracingExecutor.java:18) ~[minecraft-patched-26.1.2.109.jar:?]
	at java.base/java.util.concurrent.ForkJoinTask$RunnableExecuteAction.compute(ForkJoinTask.java:1750) [?:?]
	at java.base/java.util.concurrent.ForkJoinTask$RunnableExecuteAction.compute(ForkJoinTask.java:1742) [?:?]
	at java.base/java.util.concurrent.ForkJoinTask$InterruptibleTask.exec(ForkJoinTask.java:1659) [?:?]
	at java.base/java.util.concurrent.ForkJoinTask.doExec(ForkJoinTask.java:511) [?:?]
	at java.base/java.util.concurrent.ForkJoinPool$WorkQueue.topLevelExec(ForkJoinPool.java:1450) [?:?]
	at java.base/java.util.concurrent.ForkJoinPool.runWorker(ForkJoinPool.java:2019) [?:?]
	at java.base/java.util.concurrent.ForkJoinWorkerThread.run(ForkJoinWorkerThread.java:187) [?:?]
[209月2026 21:37:41.573] [resourceLoad/INFO] [net.minecraft.client.gui.font.providers.UnihexProvider/]: Found unifont_all_no_pua-17.0.01.hex, loading
[209月2026 21:37:41.575] [resourceLoad/ERROR] [net.minecraft.client.renderer.texture.atlas.SpriteResourceLoader/]: Unable to parse metadata from ae2:item/quantum_entangled_singularity
java.lang.IllegalStateException: zip file closed
	at java.base/java.util.zip.ZipFile.ensureOpen(ZipFile.java:826) ~[?:?]
	at java.base/java.util.zip.ZipFile.getInputStream(ZipFile.java:330) ~[?:?]
	at TRANSFORMER/minecraft@26.1.2/net.minecraft.server.packs.resources.IoSupplier.lambda$create$1(IoSupplier.java:17) ~[minecraft-patched-26.1.2.109.jar:?]
	at TRANSFORMER/minecraft@26.1.2/net.minecraft.server.packs.resources.FallbackResourceManager.parseMetadata(FallbackResourceManager.java:225) ~[minecraft-patched-26.1.2.109.jar:?]
	at TRANSFORMER/minecraft@26.1.2/net.minecraft.server.packs.resources.FallbackResourceManager.lambda$convertToMetadata$0(FallbackResourceManager.java:220) ~[minecraft-patched-26.1.2.109.jar:?]
	at TRANSFORMER/minecraft@26.1.2/net.minecraft.server.packs.resources.Resource.metadata(Resource.java:54) ~[minecraft-patched-26.1.2.109.jar:?]
	at TRANSFORMER/minecraft@26.1.2/net.minecraft.client.renderer.texture.atlas.SpriteResourceLoader.lambda$create$0(SpriteResourceLoader.java:35) ~[minecraft-patched-26.1.2.109.jar:?]
	at TRANSFORMER/minecraft@26.1.2/net.minecraft.client.renderer.texture.atlas.SpriteResourceLoader.loadSprite(SpriteResourceLoader.java:76) ~[minecraft-patched-26.1.2.109.jar:?]
	at TRANSFORMER/minecraft@26.1.2/net.minecraft.client.renderer.texture.atlas.SpriteSource$Output.lambda$add$0(SpriteSource.java:37) ~[minecraft-patched-26.1.2.109.jar:?]
	at TRANSFORMER/minecraft@26.1.2/net.minecraft.client.renderer.texture.SpriteLoader.lambda$runSpriteSuppliers$1(SpriteLoader.java:123) ~[minecraft-patched-26.1.2.109.jar:?]
	at java.base/java.util.concurrent.CompletableFuture$AsyncSupply.run(CompletableFuture.java:1789) ~[?:?]
	at TRANSFORMER/minecraft@26.1.2/net.minecraft.server.packs.resources.SimpleReloadInstance.lambda$prepareTasks$1(SimpleReloadInstance.java:68) ~[minecraft-patched-26.1.2.109.jar:?]
	at TRANSFORMER/minecraft@26.1.2/net.minecraft.TracingExecutor.lambda$forName$1(TracingExecutor.java:18) ~[minecraft-patched-26.1.2.109.jar:?]
	at java.base/java.util.concurrent.ForkJoinTask$RunnableExecuteAction.compute(ForkJoinTask.java:1750) [?:?]
	at java.base/java.util.concurrent.ForkJoinTask$RunnableExecuteAction.compute(ForkJoinTask.java:1742) [?:?]
	at java.base/java.util.concurrent.ForkJoinTask$InterruptibleTask.exec(ForkJoinTask.java:1659) [?:?]
	at java.base/java.util.concurrent.ForkJoinTask.doExec(ForkJoinTask.java:511) [?:?]
	at java.base/java.util.concurrent.ForkJoinPool$WorkQueue.topLevelExec(ForkJoinPool.java:1450) [?:?]
	at java.base/java.util.concurrent.ForkJoinPool.runWorker(ForkJoinPool.java:2019) [?:?]
	at java.base/java.util.concurrent.ForkJoinWorkerThread.run(ForkJoinWorkerThread.java:187) [?:?]
[209月2026 21:37:41.584] [resourceLoad/INFO] [net.minecraft.client.gui.font.providers.UnihexProvider/]: Found unifont_pua-17.0.01.hex, loading
[209月2026 21:37:41.577] [resourceLoad/ERROR] [net.minecraft.client.renderer.texture.atlas.SpriteResourceLoader/]: Unable to parse metadata from ae2:item/singularity
java.lang.IllegalStateException: zip file closed
	at java.base/java.util.zip.ZipFile.ensureOpen(ZipFile.java:826) ~[?:?]
	at java.base/java.util.zip.ZipFile.getInputStream(ZipFile.java:330) ~[?:?]
	at TRANSFORMER/minecraft@26.1.2/net.minecraft.server.packs.resources.IoSupplier.lambda$create$1(IoSupplier.java:17) ~[minecraft-patched-26.1.2.109.jar:?]
	at TRANSFORMER/minecraft@26.1.2/net.minecraft.server.packs.resources.FallbackResourceManager.parseMetadata(FallbackResourceManager.java:225) ~[minecraft-patched-26.1.2.109.jar:?]
	at TRANSFORMER/minecraft@26.1.2/net.minecraft.server.packs.resources.FallbackResourceManager.lambda$convertToMetadata$0(FallbackResourceManager.java:220) ~[minecraft-patched-26.1.2.109.jar:?]
	at TRANSFORMER/minecraft@26.1.2/net.minecraft.server.packs.resources.Resource.metadata(Resource.java:54) ~[minecraft-patched-26.1.2.109.jar:?]
	at TRANSFORMER/minecraft@26.1.2/net.minecraft.client.renderer.texture.atlas.SpriteResourceLoader.lambda$create$0(SpriteResourceLoader.java:35) ~[minecraft-patched-26.1.2.109.jar:?]
	at TRANSFORMER/minecraft@26.1.2/net.minecraft.client.renderer.texture.atlas.SpriteResourceLoader.loadSprite(SpriteResourceLoader.java:76) ~[minecraft-patched-26.1.2.109.jar:?]
	at TRANSFORMER/minecraft@26.1.2/net.minecraft.client.renderer.texture.atlas.SpriteSource$Output.lambda$add$0(SpriteSource.java:37) ~[minecraft-patched-26.1.2.109.jar:?]
	at TRANSFORMER/minecraft@26.1.2/net.minecraft.client.renderer.texture.SpriteLoader.lambda$runSpriteSuppliers$1(SpriteLoader.java:123) ~[minecraft-patched-26.1.2.109.jar:?]
	at java.base/java.util.concurrent.CompletableFuture$AsyncSupply.run(CompletableFuture.java:1789) ~[?:?]
	at TRANSFORMER/minecraft@26.1.2/net.minecraft.server.packs.resources.SimpleReloadInstance.lambda$prepareTasks$1(SimpleReloadInstance.java:68) ~[minecraft-patched-26.1.2.109.jar:?]
	at TRANSFORMER/minecraft@26.1.2/net.minecraft.TracingExecutor.lambda$forName$1(TracingExecutor.java:18) ~[minecraft-patched-26.1.2.109.jar:?]
	at java.base/java.util.concurrent.ForkJoinTask$RunnableExecuteAction.compute(ForkJoinTask.java:1750) [?:?]
	at java.base/java.util.concurrent.ForkJoinTask$RunnableExecuteAction.compute(ForkJoinTask.java:1742) [?:?]
	at java.base/java.util.concurrent.ForkJoinTask$InterruptibleTask.exec(ForkJoinTask.java:1659) [?:?]
	at java.base/java.util.concurrent.ForkJoinTask.doExec(ForkJoinTask.java:511) [?:?]
	at java.base/java.util.concurrent.ForkJoinPool$WorkQueue.topLevelExec(ForkJoinPool.java:1450) [?:?]
	at java.base/java.util.concurrent.ForkJoinPool.runWorker(ForkJoinPool.java:2019) [?:?]
	at java.base/java.util.concurrent.ForkJoinWorkerThread.run(ForkJoinWorkerThread.java:187) [?:?]
[209月2026 21:37:41.582] [resourceLoad/WARN] [net.minecraft.client.gui.font.FontManager/]: Unable to load font 'betteradvancedtooltips:tags' in fonts.json in resourcepack: 'mod/betteradvancedtooltips'
java.lang.IllegalStateException: zip file closed
	at java.base/java.util.zip.ZipFile.ensureOpen(ZipFile.java:826) ~[?:?]
	at java.base/java.util.zip.ZipFile.getInputStream(ZipFile.java:330) ~[?:?]
	at TRANSFORMER/minecraft@26.1.2/net.minecraft.server.packs.resources.IoSupplier.lambda$create$1(IoSupplier.java:17) ~[minecraft-patched-26.1.2.109.jar:?]
	at TRANSFORMER/minecraft@26.1.2/net.minecraft.server.packs.resources.Resource.open(Resource.java:45) ~[minecraft-patched-26.1.2.109.jar:?]
	at TRANSFORMER/minecraft@26.1.2/net.minecraft.server.packs.resources.Resource.openAsReader(Resource.java:49) ~[minecraft-patched-26.1.2.109.jar:?]
	at TRANSFORMER/minecraft@26.1.2/net.minecraft.client.gui.font.FontManager.loadResourceStack(FontManager.java:241) ~[minecraft-patched-26.1.2.109.jar:?]
	at TRANSFORMER/minecraft@26.1.2/net.minecraft.client.gui.font.FontManager.lambda$prepare$0(FontManager.java:110) ~[minecraft-patched-26.1.2.109.jar:?]
	at java.base/java.util.concurrent.CompletableFuture$AsyncSupply.run(CompletableFuture.java:1789) ~[?:?]
	at TRANSFORMER/minecraft@26.1.2/net.minecraft.server.packs.resources.SimpleReloadInstance.lambda$prepareTasks$1(SimpleReloadInstance.java:68) ~[minecraft-patched-26.1.2.109.jar:?]
	at TRANSFORMER/minecraft@26.1.2/net.minecraft.TracingExecutor.lambda$forName$1(TracingExecutor.java:18) ~[minecraft-patched-26.1.2.109.jar:?]
	at java.base/java.util.concurrent.ForkJoinTask$RunnableExecuteAction.compute(ForkJoinTask.java:1750) [?:?]
	at java.base/java.util.concurrent.ForkJoinTask$RunnableExecuteAction.compute(ForkJoinTask.java:1742) [?:?]
	at java.base/java.util.concurrent.ForkJoinTask$InterruptibleTask.exec(ForkJoinTask.java:1659) [?:?]
	at java.base/java.util.concurrent.ForkJoinTask.doExec(ForkJoinTask.java:511) [?:?]
	at java.base/java.util.concurrent.ForkJoinPool$WorkQueue.topLevelExec(ForkJoinPool.java:1450) [?:?]
	at java.base/java.util.concurrent.ForkJoinPool.runWorker(ForkJoinPool.java:2019) [?:?]
	at java.base/java.util.concurrent.ForkJoinWorkerThread.run(ForkJoinWorkerThread.java:187) [?:?]
[209月2026 21:37:41.635] [resourceLoad/ERROR] [net.minecraft.client.renderer.texture.atlas.SpriteResourceLoader/]: Unable to parse metadata from ae2:item/fluix_dust
java.lang.IllegalStateException: zip file closed
	at java.base/java.util.zip.ZipFile.ensureOpen(ZipFile.java:826) ~[?:?]
	at java.base/java.util.zip.ZipFile.getInputStream(ZipFile.java:330) ~[?:?]
	at TRANSFORMER/minecraft@26.1.2/net.minecraft.server.packs.resources.IoSupplier.lambda$create$1(IoSupplier.java:17) ~[minecraft-patched-26.1.2.109.jar:?]
	at TRANSFORMER/minecraft@26.1.2/net.minecraft.server.packs.resources.FallbackResourceManager.parseMetadata(FallbackResourceManager.java:225) ~[minecraft-patched-26.1.2.109.jar:?]
	at TRANSFORMER/minecraft@26.1.2/net.minecraft.server.packs.resources.FallbackResourceManager.lambda$convertToMetadata$0(FallbackResourceManager.java:220) ~[minecraft-patched-26.1.2.109.jar:?]
	at TRANSFORMER/minecraft@26.1.2/net.minecraft.server.packs.resources.Resource.metadata(Resource.java:54) ~[minecraft-patched-26.1.2.109.jar:?]
	at TRANSFORMER/minecraft@26.1.2/net.minecraft.client.renderer.texture.atlas.SpriteResourceLoader.lambda$create$0(SpriteResourceLoader.java:35) ~[minecraft-patched-26.1.2.109.jar:?]
	at TRANSFORMER/minecraft@26.1.2/net.minecraft.client.renderer.texture.atlas.SpriteResourceLoader.loadSprite(SpriteResourceLoader.java:76) ~[minecraft-patched-26.1.2.109.jar:?]
	at TRANSFORMER/minecraft@26.1.2/net.minecraft.client.renderer.texture.atlas.SpriteSource$Output.lambda$add$0(SpriteSource.java:37) ~[minecraft-patched-26.1.2.109.jar:?]
	at TRANSFORMER/minecraft@26.1.2/net.minecraft.client.renderer.texture.SpriteLoader.lambda$runSpriteSuppliers$1(SpriteLoader.java:123) ~[minecraft-patched-26.1.2.109.jar:?]
	at java.base/java.util.concurrent.CompletableFuture$AsyncSupply.run(CompletableFuture.java:1789) ~[?:?]
	at TRANSFORMER/minecraft@26.1.2/net.minecraft.server.packs.resources.SimpleReloadInstance.lambda$prepareTasks$1(SimpleReloadInstance.java:68) ~[minecraft-patched-26.1.2.109.jar:?]
	at TRANSFORMER/minecraft@26.1.2/net.minecraft.TracingExecutor.lambda$forName$1(TracingExecutor.java:18) ~[minecraft-patched-26.1.2.109.jar:?]
	at java.base/java.util.concurrent.ForkJoinTask$RunnableExecuteAction.compute(ForkJoinTask.java:1750) [?:?]
	at java.base/java.util.concurrent.ForkJoinTask$RunnableExecuteAction.compute(ForkJoinTask.java:1742) [?:?]
	at java.base/java.util.concurrent.ForkJoinTask$InterruptibleTask.exec(ForkJoinTask.java:1659) [?:?]
	at java.base/java.util.concurrent.ForkJoinTask.doExec(ForkJoinTask.java:511) [?:?]
	at java.base/java.util.concurrent.ForkJoinPool$WorkQueue.topLevelExec(ForkJoinPool.java:1450) [?:?]
	at java.base/java.util.concurrent.ForkJoinPool.runWorker(ForkJoinPool.java:2019) [?:?]
	at java.base/java.util.concurrent.ForkJoinWorkerThread.run(ForkJoinWorkerThread.java:187) [?:?]
[209月2026 21:37:41.745] [resourceLoad/INFO] [net.minecraft.client.gui.font.providers.UnihexProvider/]: Found unifont_jp_patch-17.0.01.hex, loading
[209月2026 21:37:41.749] [resourceLoad/ERROR] [net.minecraft.client.renderer.texture.atlas.SpriteResourceLoader/]: Unable to parse metadata from ae2:item/charged_staff
java.lang.IllegalStateException: zip file closed
	at java.base/java.util.zip.ZipFile.ensureOpen(ZipFile.java:826) ~[?:?]
	at java.base/java.util.zip.ZipFile.getInputStream(ZipFile.java:330) ~[?:?]
	at TRANSFORMER/minecraft@26.1.2/net.minecraft.server.packs.resources.IoSupplier.lambda$create$1(IoSupplier.java:17) ~[minecraft-patched-26.1.2.109.jar:?]
	at TRANSFORMER/minecraft@26.1.2/net.minecraft.server.packs.resources.FallbackResourceManager.parseMetadata(FallbackResourceManager.java:225) ~[minecraft-patched-26.1.2.109.jar:?]
	at TRANSFORMER/minecraft@26.1.2/net.minecraft.server.packs.resources.FallbackResourceManager.lambda$convertToMetadata$0(FallbackResourceManager.java:220) ~[minecraft-patched-26.1.2.109.jar:?]
	at TRANSFORMER/minecraft@26.1.2/net.minecraft.server.packs.resources.Resource.metadata(Resource.java:54) ~[minecraft-patched-26.1.2.109.jar:?]
	at TRANSFORMER/minecraft@26.1.2/net.minecraft.client.renderer.texture.atlas.SpriteResourceLoader.lambda$create$0(SpriteResourceLoader.java:35) ~[minecraft-patched-26.1.2.109.jar:?]
	at TRANSFORMER/minecraft@26.1.2/net.minecraft.client.renderer.texture.atlas.SpriteResourceLoader.loadSprite(SpriteResourceLoader.java:76) ~[minecraft-patched-26.1.2.109.jar:?]
	at TRANSFORMER/minecraft@26.1.2/net.minecraft.client.renderer.texture.atlas.SpriteSource$Output.lambda$add$0(SpriteSource.java:37) ~[minecraft-patched-26.1.2.109.jar:?]
	at TRANSFORMER/minecraft@26.1.2/net.minecraft.client.renderer.texture.SpriteLoader.lambda$runSpriteSuppliers$1(SpriteLoader.java:123) ~[minecraft-patched-26.1.2.109.jar:?]
	at java.base/java.util.concurrent.CompletableFuture$AsyncSupply.run(CompletableFuture.java:1789) ~[?:?]
	at TRANSFORMER/minecraft@26.1.2/net.minecraft.server.packs.resources.SimpleReloadInstance.lambda$prepareTasks$1(SimpleReloadInstance.java:68) ~[minecraft-patched-26.1.2.109.jar:?]
	at TRANSFORMER/minecraft@26.1.2/net.minecraft.TracingExecutor.lambda$forName$1(TracingExecutor.java:18) ~[minecraft-patched-26.1.2.109.jar:?]
	at java.base/java.util.concurrent.ForkJoinTask$RunnableExecuteAction.compute(ForkJoinTask.java:1750) [?:?]
	at java.base/java.util.concurrent.ForkJoinTask$RunnableExecuteAction.compute(ForkJoinTask.java:1742) [?:?]
	at java.base/java.util.concurrent.ForkJoinTask$InterruptibleTask.exec(ForkJoinTask.java:1659) [?:?]
	at java.base/java.util.concurrent.ForkJoinTask.doExec(ForkJoinTask.java:511) [?:?]
	at java.base/java.util.concurrent.ForkJoinPool$WorkQueue.topLevelExec(ForkJoinPool.java:1450) [?:?]
	at java.base/java.util.concurrent.ForkJoinPool.runWorker(ForkJoinPool.java:2019) [?:?]
	at java.base/java.util.concurrent.ForkJoinWorkerThread.run(ForkJoinWorkerThread.java:187) [?:?]
[209月2026 21:37:41.771] [resourceLoad/ERROR] [net.minecraft.client.renderer.texture.atlas.SpriteResourceLoader/]: Unable to parse metadata from ae2:item/annihilation_core
java.lang.IllegalStateException: zip file closed
	at java.base/java.util.zip.ZipFile.ensureOpen(ZipFile.java:826) ~[?:?]
	at java.base/java.util.zip.ZipFile.getInputStream(ZipFile.java:330) ~[?:?]
	at TRANSFORMER/minecraft@26.1.2/net.minecraft.server.packs.resources.IoSupplier.lambda$create$1(IoSupplier.java:17) ~[minecraft-patched-26.1.2.109.jar:?]
	at TRANSFORMER/minecraft@26.1.2/net.minecraft.server.packs.resources.FallbackResourceManager.parseMetadata(FallbackResourceManager.java:225) ~[minecraft-patched-26.1.2.109.jar:?]
	at TRANSFORMER/minecraft@26.1.2/net.minecraft.server.packs.resources.FallbackResourceManager.lambda$convertToMetadata$0(FallbackResourceManager.java:220) ~[minecraft-patched-26.1.2.109.jar:?]
	at TRANSFORMER/minecraft@26.1.2/net.minecraft.server.packs.resources.Resource.metadata(Resource.java:54) ~[minecraft-patched-26.1.2.109.jar:?]
	at TRANSFORMER/minecraft@26.1.2/net.minecraft.client.renderer.texture.atlas.SpriteResourceLoader.lambda$create$0(SpriteResourceLoader.java:35) ~[minecraft-patched-26.1.2.109.jar:?]
	at TRANSFORMER/minecraft@26.1.2/net.minecraft.client.renderer.texture.atlas.SpriteResourceLoader.loadSprite(SpriteResourceLoader.java:76) ~[minecraft-patched-26.1.2.109.jar:?]
	at TRANSFORMER/minecraft@26.1.2/net.minecraft.client.renderer.texture.atlas.SpriteSource$Output.lambda$add$0(SpriteSource.java:37) ~[minecraft-patched-26.1.2.109.jar:?]
	at TRANSFORMER/minecraft@26.1.2/net.minecraft.client.renderer.texture.SpriteLoader.lambda$runSpriteSuppliers$1(SpriteLoader.java:123) ~[minecraft-patched-26.1.2.109.jar:?]
	at java.base/java.util.concurrent.CompletableFuture$AsyncSupply.run(CompletableFuture.java:1789) ~[?:?]
	at TRANSFORMER/minecraft@26.1.2/net.minecraft.server.packs.resources.SimpleReloadInstance.lambda$prepareTasks$1(SimpleReloadInstance.java:68) ~[minecraft-patched-26.1.2.109.jar:?]
	at TRANSFORMER/minecraft@26.1.2/net.minecraft.TracingExecutor.lambda$forName$1(TracingExecutor.java:18) ~[minecraft-patched-26.1.2.109.jar:?]
	at java.base/java.util.concurrent.ForkJoinTask$RunnableExecuteAction.compute(ForkJoinTask.java:1750) [?:?]
	at java.base/java.util.concurrent.ForkJoinTask$RunnableExecuteAction.compute(ForkJoinTask.java:1742) [?:?]
	at java.base/java.util.concurrent.ForkJoinTask$InterruptibleTask.exec(ForkJoinTask.java:1659) [?:?]
	at java.base/java.util.concurrent.ForkJoinTask.doExec(ForkJoinTask.java:511) [?:?]
	at java.base/java.util.concurrent.ForkJoinPool$WorkQueue.topLevelExec(ForkJoinPool.java:1450) [?:?]
	at java.base/java.util.concurrent.ForkJoinPool.runWorker(ForkJoinPool.java:2019) [?:?]
	at java.base/java.util.concurrent.ForkJoinWorkerThread.run(ForkJoinWorkerThread.java:187) [?:?]
[209月2026 21:37:41.772] [resourceLoad/ERROR] [net.minecraft.client.renderer.texture.atlas.SpriteResourceLoader/]: Unable to parse metadata from ae2:item/fluix_pearl
java.lang.IllegalStateException: zip file closed
	at java.base/java.util.zip.ZipFile.ensureOpen(ZipFile.java:826) ~[?:?]
	at java.base/java.util.zip.ZipFile.getInputStream(ZipFile.java:330) ~[?:?]
	at TRANSFORMER/minecraft@26.1.2/net.minecraft.server.packs.resources.IoSupplier.lambda$create$1(IoSupplier.java:17) ~[minecraft-patched-26.1.2.109.jar:?]
	at TRANSFORMER/minecraft@26.1.2/net.minecraft.server.packs.resources.FallbackResourceManager.parseMetadata(FallbackResourceManager.java:225) ~[minecraft-patched-26.1.2.109.jar:?]
	at TRANSFORMER/minecraft@26.1.2/net.minecraft.server.packs.resources.FallbackResourceManager.lambda$convertToMetadata$0(FallbackResourceManager.java:220) ~[minecraft-patched-26.1.2.109.jar:?]
	at TRANSFORMER/minecraft@26.1.2/net.minecraft.server.packs.resources.Resource.metadata(Resource.java:54) ~[minecraft-patched-26.1.2.109.jar:?]
	at TRANSFORMER/minecraft@26.1.2/net.minecraft.client.renderer.texture.atlas.SpriteResourceLoader.lambda$create$0(SpriteResourceLoader.java:35) ~[minecraft-patched-26.1.2.109.jar:?]
	at TRANSFORMER/minecraft@26.1.2/net.minecraft.client.renderer.texture.atlas.SpriteResourceLoader.loadSprite(SpriteResourceLoader.java:76) ~[minecraft-patched-26.1.2.109.jar:?]
	at TRANSFORMER/minecraft@26.1.2/net.minecraft.client.renderer.texture.atlas.SpriteSource$Output.lambda$add$0(SpriteSource.java:37) ~[minecraft-patched-26.1.2.109.jar:?]
	at TRANSFORMER/minecraft@26.1.2/net.minecraft.client.renderer.texture.SpriteLoader.lambda$runSpriteSuppliers$1(SpriteLoader.java:123) ~[minecraft-patched-26.1.2.109.jar:?]
	at java.base/java.util.concurrent.CompletableFuture$AsyncSupply.run(CompletableFuture.java:1789) ~[?:?]
	at TRANSFORMER/minecraft@26.1.2/net.minecraft.server.packs.resources.SimpleReloadInstance.lambda$prepareTasks$1(SimpleReloadInstance.java:68) ~[minecraft-patched-26.1.2.109.jar:?]
	at TRANSFORMER/minecraft@26.1.2/net.minecraft.TracingExecutor.lambda$forName$1(TracingExecutor.java:18) ~[minecraft-patched-26.1.2.109.jar:?]
	at java.base/java.util.concurrent.ForkJoinTask$RunnableExecuteAction.compute(ForkJoinTask.java:1750) [?:?]
	at java.base/java.util.concurrent.ForkJoinTask$RunnableExecuteAction.compute(ForkJoinTask.java:1742) [?:?]
	at java.base/java.util.concurrent.ForkJoinTask$InterruptibleTask.exec(ForkJoinTask.java:1659) [?:?]
	at java.base/java.util.concurrent.ForkJoinTask.doExec(ForkJoinTask.java:511) [?:?]
	at java.base/java.util.concurrent.ForkJoinPool$WorkQueue.topLevelExec(ForkJoinPool.java:1450) [?:?]
	at java.base/java.util.concurrent.ForkJoinPool.runWorker(ForkJoinPool.java:2019) [?:?]
	at java.base/java.util.concurrent.ForkJoinWorkerThread.run(ForkJoinWorkerThread.java:187) [?:?]
[209月2026 21:37:41.788] [resourceLoad/ERROR] [net.minecraft.client.renderer.texture.atlas.SpriteResourceLoader/]: Unable to parse metadata from ae2:item/paint_ball_shimmer
java.lang.IllegalStateException: zip file closed
	at java.base/java.util.zip.ZipFile.ensureOpen(ZipFile.java:826) ~[?:?]
	at java.base/java.util.zip.ZipFile.getInputStream(ZipFile.java:330) ~[?:?]
	at TRANSFORMER/minecraft@26.1.2/net.minecraft.server.packs.resources.IoSupplier.lambda$create$1(IoSupplier.java:17) ~[minecraft-patched-26.1.2.109.jar:?]
	at TRANSFORMER/minecraft@26.1.2/net.minecraft.server.packs.resources.FallbackResourceManager.parseMetadata(FallbackResourceManager.java:225) ~[minecraft-patched-26.1.2.109.jar:?]
	at TRANSFORMER/minecraft@26.1.2/net.minecraft.server.packs.resources.FallbackResourceManager.lambda$convertToMetadata$0(FallbackResourceManager.java:220) ~[minecraft-patched-26.1.2.109.jar:?]
	at TRANSFORMER/minecraft@26.1.2/net.minecraft.server.packs.resources.Resource.metadata(Resource.java:54) ~[minecraft-patched-26.1.2.109.jar:?]
	at TRANSFORMER/minecraft@26.1.2/net.minecraft.client.renderer.texture.atlas.SpriteResourceLoader.lambda$create$0(SpriteResourceLoader.java:35) ~[minecraft-patched-26.1.2.109.jar:?]
	at TRANSFORMER/minecraft@26.1.2/net.minecraft.client.renderer.texture.atlas.SpriteResourceLoader.loadSprite(SpriteResourceLoader.java:76) ~[minecraft-patched-26.1.2.109.jar:?]
	at TRANSFORMER/minecraft@26.1.2/net.minecraft.client.renderer.texture.atlas.SpriteSource$Output.lambda$add$0(SpriteSource.java:37) ~[minecraft-patched-26.1.2.109.jar:?]
	at TRANSFORMER/minecraft@26.1.2/net.minecraft.client.renderer.texture.SpriteLoader.lambda$runSpriteSuppliers$1(SpriteLoader.java:123) ~[minecraft-patched-26.1.2.109.jar:?]
	at java.base/java.util.concurrent.CompletableFuture$AsyncSupply.run(CompletableFuture.java:1789) ~[?:?]
	at TRANSFORMER/minecraft@26.1.2/net.minecraft.server.packs.resources.SimpleReloadInstance.lambda$prepareTasks$1(SimpleReloadInstance.java:68) ~[minecraft-patched-26.1.2.109.jar:?]
	at TRANSFORMER/minecraft@26.1.2/net.minecraft.TracingExecutor.lambda$forName$1(TracingExecutor.java:18) ~[minecraft-patched-26.1.2.109.jar:?]
	at java.base/java.util.concurrent.ForkJoinTask$RunnableExecuteAction.compute(ForkJoinTask.java:1750) [?:?]
	at java.base/java.util.concurrent.ForkJoinTask$RunnableExecuteAction.compute(ForkJoinTask.java:1742) [?:?]
	at java.base/java.util.concurrent.ForkJoinTask$InterruptibleTask.exec(ForkJoinTask.java:1659) [?:?]
	at java.base/java.util.concurrent.ForkJoinTask.doExec(ForkJoinTask.java:511) [?:?]
	at java.base/java.util.concurrent.ForkJoinPool$WorkQueue.topLevelExec(ForkJoinPool.java:1450) [?:?]
	at java.base/java.util.concurrent.ForkJoinPool.runWorker(ForkJoinPool.java:2019) [?:?]
	at java.base/java.util.concurrent.ForkJoinWorkerThread.run(ForkJoinWorkerThread.java:187) [?:?]
[209月2026 21:37:41.800] [resourceLoad/ERROR] [net.minecraft.client.renderer.texture.atlas.SpriteResourceLoader/]: Unable to parse metadata from mmcr:item/thread_disperser
java.lang.IllegalStateException: zip file closed
	at java.base/java.util.zip.ZipFile.ensureOpen(ZipFile.java:826) ~[?:?]
	at java.base/java.util.zip.ZipFile.getInputStream(ZipFile.java:330) ~[?:?]
	at TRANSFORMER/minecraft@26.1.2/net.minecraft.server.packs.resources.IoSupplier.lambda$create$1(IoSupplier.java:17) ~[minecraft-patched-26.1.2.109.jar:?]
	at TRANSFORMER/minecraft@26.1.2/net.minecraft.server.packs.resources.FallbackResourceManager.parseMetadata(FallbackResourceManager.java:225) ~[minecraft-patched-26.1.2.109.jar:?]
	at TRANSFORMER/minecraft@26.1.2/net.minecraft.server.packs.resources.FallbackResourceManager.lambda$convertToMetadata$0(FallbackResourceManager.java:220) ~[minecraft-patched-26.1.2.109.jar:?]
	at TRANSFORMER/minecraft@26.1.2/net.minecraft.server.packs.resources.Resource.metadata(Resource.java:54) ~[minecraft-patched-26.1.2.109.jar:?]
	at TRANSFORMER/minecraft@26.1.2/net.minecraft.client.renderer.texture.atlas.SpriteResourceLoader.lambda$create$0(SpriteResourceLoader.java:35) ~[minecraft-patched-26.1.2.109.jar:?]
	at TRANSFORMER/minecraft@26.1.2/net.minecraft.client.renderer.texture.atlas.SpriteResourceLoader.loadSprite(SpriteResourceLoader.java:76) ~[minecraft-patched-26.1.2.109.jar:?]
	at TRANSFORMER/minecraft@26.1.2/net.minecraft.client.renderer.texture.atlas.SpriteSource$Output.lambda$add$0(SpriteSource.java:37) ~[minecraft-patched-26.1.2.109.jar:?]
	at TRANSFORMER/minecraft@26.1.2/net.minecraft.client.renderer.texture.SpriteLoader.lambda$runSpriteSuppliers$1(SpriteLoader.java:123) ~[minecraft-patched-26.1.2.109.jar:?]
	at java.base/java.util.concurrent.CompletableFuture$AsyncSupply.run(CompletableFuture.java:1789) ~[?:?]
	at TRANSFORMER/minecraft@26.1.2/net.minecraft.server.packs.resources.SimpleReloadInstance.lambda$prepareTasks$1(SimpleReloadInstance.java:68) ~[minecraft-patched-26.1.2.109.jar:?]
	at TRANSFORMER/minecraft@26.1.2/net.minecraft.TracingExecutor.lambda$forName$1(TracingExecutor.java:18) ~[minecraft-patched-26.1.2.109.jar:?]
	at java.base/java.util.concurrent.ForkJoinTask$RunnableExecuteAction.compute(ForkJoinTask.java:1750) [?:?]
	at java.base/java.util.concurrent.ForkJoinTask$RunnableExecuteAction.compute(ForkJoinTask.java:1742) [?:?]
	at java.base/java.util.concurrent.ForkJoinTask$InterruptibleTask.exec(ForkJoinTask.java:1659) [?:?]
	at java.base/java.util.concurrent.ForkJoinTask.doExec(ForkJoinTask.java:511) [?:?]
	at java.base/java.util.concurrent.ForkJoinPool$WorkQueue.topLevelExec(ForkJoinPool.java:1450) [?:?]
	at java.base/java.util.concurrent.ForkJoinPool.runWorker(ForkJoinPool.java:2019) [?:?]
	at java.base/java.util.concurrent.ForkJoinWorkerThread.run(ForkJoinWorkerThread.java:187) [?:?]
[209月2026 21:37:41.830] [resourceLoad/ERROR] [net.minecraft.client.renderer.texture.atlas.SpriteResourceLoader/]: Unable to parse metadata from ae2:item/certus_quartz_crystal_charged
java.lang.IllegalStateException: zip file closed
	at java.base/java.util.zip.ZipFile.ensureOpen(ZipFile.java:826) ~[?:?]
	at java.base/java.util.zip.ZipFile.getInputStream(ZipFile.java:330) ~[?:?]
	at TRANSFORMER/minecraft@26.1.2/net.minecraft.server.packs.resources.IoSupplier.lambda$create$1(IoSupplier.java:17) ~[minecraft-patched-26.1.2.109.jar:?]
	at TRANSFORMER/minecraft@26.1.2/net.minecraft.server.packs.resources.FallbackResourceManager.parseMetadata(FallbackResourceManager.java:225) ~[minecraft-patched-26.1.2.109.jar:?]
	at TRANSFORMER/minecraft@26.1.2/net.minecraft.server.packs.resources.FallbackResourceManager.lambda$convertToMetadata$0(FallbackResourceManager.java:220) ~[minecraft-patched-26.1.2.109.jar:?]
	at TRANSFORMER/minecraft@26.1.2/net.minecraft.server.packs.resources.Resource.metadata(Resource.java:54) ~[minecraft-patched-26.1.2.109.jar:?]
	at TRANSFORMER/minecraft@26.1.2/net.minecraft.client.renderer.texture.atlas.SpriteResourceLoader.lambda$create$0(SpriteResourceLoader.java:35) ~[minecraft-patched-26.1.2.109.jar:?]
	at TRANSFORMER/minecraft@26.1.2/net.minecraft.client.renderer.texture.atlas.SpriteResourceLoader.loadSprite(SpriteResourceLoader.java:76) ~[minecraft-patched-26.1.2.109.jar:?]
	at TRANSFORMER/minecraft@26.1.2/net.minecraft.client.renderer.texture.atlas.SpriteSource$Output.lambda$add$0(SpriteSource.java:37) ~[minecraft-patched-26.1.2.109.jar:?]
	at TRANSFORMER/minecraft@26.1.2/net.minecraft.client.renderer.texture.SpriteLoader.lambda$runSpriteSuppliers$1(SpriteLoader.java:123) ~[minecraft-patched-26.1.2.109.jar:?]
	at java.base/java.util.concurrent.CompletableFuture$AsyncSupply.run(CompletableFuture.java:1789) ~[?:?]
	at TRANSFORMER/minecraft@26.1.2/net.minecraft.server.packs.resources.SimpleReloadInstance.lambda$prepareTasks$1(SimpleReloadInstance.java:68) ~[minecraft-patched-26.1.2.109.jar:?]
	at TRANSFORMER/minecraft@26.1.2/net.minecraft.TracingExecutor.lambda$forName$1(TracingExecutor.java:18) ~[minecraft-patched-26.1.2.109.jar:?]
	at java.base/java.util.concurrent.ForkJoinTask$RunnableExecuteAction.compute(ForkJoinTask.java:1750) [?:?]
	at java.base/java.util.concurrent.ForkJoinTask$RunnableExecuteAction.compute(ForkJoinTask.java:1742) [?:?]
	at java.base/java.util.concurrent.ForkJoinTask$InterruptibleTask.exec(ForkJoinTask.java:1659) [?:?]
	at java.base/java.util.concurrent.ForkJoinTask.doExec(ForkJoinTask.java:511) [?:?]
	at java.base/java.util.concurrent.ForkJoinPool$WorkQueue.topLevelExec(ForkJoinPool.java:1450) [?:?]
	at java.base/java.util.concurrent.ForkJoinPool.runWorker(ForkJoinPool.java:2019) [?:?]
	at java.base/java.util.concurrent.ForkJoinWorkerThread.run(ForkJoinWorkerThread.java:187) [?:?]
[209月2026 21:37:41.832] [resourceLoad/ERROR] [net.minecraft.client.renderer.texture.atlas.SpriteResourceLoader/]: Unable to parse metadata from ae2:item/fluix_crystal
java.lang.IllegalStateException: zip file closed
	at java.base/java.util.zip.ZipFile.ensureOpen(ZipFile.java:826) ~[?:?]
	at java.base/java.util.zip.ZipFile.getInputStream(ZipFile.java:330) ~[?:?]
	at TRANSFORMER/minecraft@26.1.2/net.minecraft.server.packs.resources.IoSupplier.lambda$create$1(IoSupplier.java:17) ~[minecraft-patched-26.1.2.109.jar:?]
	at TRANSFORMER/minecraft@26.1.2/net.minecraft.server.packs.resources.FallbackResourceManager.parseMetadata(FallbackResourceManager.java:225) ~[minecraft-patched-26.1.2.109.jar:?]
	at TRANSFORMER/minecraft@26.1.2/net.minecraft.server.packs.resources.FallbackResourceManager.lambda$convertToMetadata$0(FallbackResourceManager.java:220) ~[minecraft-patched-26.1.2.109.jar:?]
	at TRANSFORMER/minecraft@26.1.2/net.minecraft.server.packs.resources.Resource.metadata(Resource.java:54) ~[minecraft-patched-26.1.2.109.jar:?]
	at TRANSFORMER/minecraft@26.1.2/net.minecraft.client.renderer.texture.atlas.SpriteResourceLoader.lambda$create$0(SpriteResourceLoader.java:35) ~[minecraft-patched-26.1.2.109.jar:?]
	at TRANSFORMER/minecraft@26.1.2/net.minecraft.client.renderer.texture.atlas.SpriteResourceLoader.loadSprite(SpriteResourceLoader.java:76) ~[minecraft-patched-26.1.2.109.jar:?]
	at TRANSFORMER/minecraft@26.1.2/net.minecraft.client.renderer.texture.atlas.SpriteSource$Output.lambda$add$0(SpriteSource.java:37) ~[minecraft-patched-26.1.2.109.jar:?]
	at TRANSFORMER/minecraft@26.1.2/net.minecraft.client.renderer.texture.SpriteLoader.lambda$runSpriteSuppliers$1(SpriteLoader.java:123) ~[minecraft-patched-26.1.2.109.jar:?]
	at java.base/java.util.concurrent.CompletableFuture$AsyncSupply.run(CompletableFuture.java:1789) ~[?:?]
	at TRANSFORMER/minecraft@26.1.2/net.minecraft.server.packs.resources.SimpleReloadInstance.lambda$prepareTasks$1(SimpleReloadInstance.java:68) ~[minecraft-patched-26.1.2.109.jar:?]
	at TRANSFORMER/minecraft@26.1.2/net.minecraft.TracingExecutor.lambda$forName$1(TracingExecutor.java:18) ~[minecraft-patched-26.1.2.109.jar:?]
	at java.base/java.util.concurrent.ForkJoinTask$RunnableExecuteAction.compute(ForkJoinTask.java:1750) [?:?]
	at java.base/java.util.concurrent.ForkJoinTask$RunnableExecuteAction.compute(ForkJoinTask.java:1742) [?:?]
	at java.base/java.util.concurrent.ForkJoinTask$InterruptibleTask.exec(ForkJoinTask.java:1659) [?:?]
	at java.base/java.util.concurrent.ForkJoinTask.doExec(ForkJoinTask.java:511) [?:?]
	at java.base/java.util.concurrent.ForkJoinPool$WorkQueue.topLevelExec(ForkJoinPool.java:1450) [?:?]
	at java.base/java.util.concurrent.ForkJoinPool.runWorker(ForkJoinPool.java:2019) [?:?]
	at java.base/java.util.concurrent.ForkJoinWorkerThread.run(ForkJoinWorkerThread.java:187) [?:?]
[209月2026 21:37:41.832] [resourceLoad/ERROR] [net.minecraft.client.renderer.texture.atlas.SpriteResourceLoader/]: Unable to parse metadata from ae2:item/formation_core
java.lang.IllegalStateException: zip file closed
	at java.base/java.util.zip.ZipFile.ensureOpen(ZipFile.java:826) ~[?:?]
	at java.base/java.util.zip.ZipFile.getInputStream(ZipFile.java:330) ~[?:?]
	at TRANSFORMER/minecraft@26.1.2/net.minecraft.server.packs.resources.IoSupplier.lambda$create$1(IoSupplier.java:17) ~[minecraft-patched-26.1.2.109.jar:?]
	at TRANSFORMER/minecraft@26.1.2/net.minecraft.server.packs.resources.FallbackResourceManager.parseMetadata(FallbackResourceManager.java:225) ~[minecraft-patched-26.1.2.109.jar:?]
	at TRANSFORMER/minecraft@26.1.2/net.minecraft.server.packs.resources.FallbackResourceManager.lambda$convertToMetadata$0(FallbackResourceManager.java:220) ~[minecraft-patched-26.1.2.109.jar:?]
	at TRANSFORMER/minecraft@26.1.2/net.minecraft.server.packs.resources.Resource.metadata(Resource.java:54) ~[minecraft-patched-26.1.2.109.jar:?]
	at TRANSFORMER/minecraft@26.1.2/net.minecraft.client.renderer.texture.atlas.SpriteResourceLoader.lambda$create$0(SpriteResourceLoader.java:35) ~[minecraft-patched-26.1.2.109.jar:?]
	at TRANSFORMER/minecraft@26.1.2/net.minecraft.client.renderer.texture.atlas.SpriteResourceLoader.loadSprite(SpriteResourceLoader.java:76) ~[minecraft-patched-26.1.2.109.jar:?]
	at TRANSFORMER/minecraft@26.1.2/net.minecraft.client.renderer.texture.atlas.SpriteSource$Output.lambda$add$0(SpriteSource.java:37) ~[minecraft-patched-26.1.2.109.jar:?]
	at TRANSFORMER/minecraft@26.1.2/net.minecraft.client.renderer.texture.SpriteLoader.lambda$runSpriteSuppliers$1(SpriteLoader.java:123) ~[minecraft-patched-26.1.2.109.jar:?]
	at java.base/java.util.concurrent.CompletableFuture$AsyncSupply.run(CompletableFuture.java:1789) ~[?:?]
	at TRANSFORMER/minecraft@26.1.2/net.minecraft.server.packs.resources.SimpleReloadInstance.lambda$prepareTasks$1(SimpleReloadInstance.java:68) ~[minecraft-patched-26.1.2.109.jar:?]
	at TRANSFORMER/minecraft@26.1.2/net.minecraft.TracingExecutor.lambda$forName$1(TracingExecutor.java:18) ~[minecraft-patched-26.1.2.109.jar:?]
	at java.base/java.util.concurrent.ForkJoinTask$RunnableExecuteAction.compute(ForkJoinTask.java:1750) [?:?]
	at java.base/java.util.concurrent.ForkJoinTask$RunnableExecuteAction.compute(ForkJoinTask.java:1742) [?:?]
	at java.base/java.util.concurrent.ForkJoinTask$InterruptibleTask.exec(ForkJoinTask.java:1659) [?:?]
	at java.base/java.util.concurrent.ForkJoinTask.doExec(ForkJoinTask.java:511) [?:?]
	at java.base/java.util.concurrent.ForkJoinPool$WorkQueue.topLevelExec(ForkJoinPool.java:1450) [?:?]
	at java.base/java.util.concurrent.ForkJoinPool.runWorker(ForkJoinPool.java:2019) [?:?]
	at java.base/java.util.concurrent.ForkJoinWorkerThread.run(ForkJoinWorkerThread.java:187) [?:?]
[209月2026 21:37:41.858] [resourceLoad/ERROR] [net.minecraft.client.renderer.texture.atlas.SpriteResourceLoader/]: Unable to parse metadata from minecraft:block/lines
java.lang.IllegalStateException: zip file closed
	at java.base/java.util.zip.ZipFile.ensureOpen(ZipFile.java:826) ~[?:?]
	at java.base/java.util.zip.ZipFile.getInputStream(ZipFile.java:330) ~[?:?]
	at TRANSFORMER/minecraft@26.1.2/net.minecraft.server.packs.resources.IoSupplier.lambda$create$1(IoSupplier.java:17) ~[minecraft-patched-26.1.2.109.jar:?]
	at TRANSFORMER/minecraft@26.1.2/net.minecraft.server.packs.resources.FallbackResourceManager.parseMetadata(FallbackResourceManager.java:225) ~[minecraft-patched-26.1.2.109.jar:?]
	at TRANSFORMER/minecraft@26.1.2/net.minecraft.server.packs.resources.FallbackResourceManager.lambda$convertToMetadata$0(FallbackResourceManager.java:220) ~[minecraft-patched-26.1.2.109.jar:?]
	at TRANSFORMER/minecraft@26.1.2/net.minecraft.server.packs.resources.Resource.metadata(Resource.java:54) ~[minecraft-patched-26.1.2.109.jar:?]
	at TRANSFORMER/minecraft@26.1.2/net.minecraft.client.renderer.texture.atlas.SpriteResourceLoader.lambda$create$0(SpriteResourceLoader.java:35) ~[minecraft-patched-26.1.2.109.jar:?]
	at TRANSFORMER/minecraft@26.1.2/net.minecraft.client.renderer.texture.atlas.SpriteResourceLoader.loadSprite(SpriteResourceLoader.java:76) ~[minecraft-patched-26.1.2.109.jar:?]
	at TRANSFORMER/minecraft@26.1.2/net.minecraft.client.renderer.texture.atlas.SpriteSource$Output.lambda$add$0(SpriteSource.java:37) ~[minecraft-patched-26.1.2.109.jar:?]
	at TRANSFORMER/minecraft@26.1.2/net.minecraft.client.renderer.texture.SpriteLoader.lambda$runSpriteSuppliers$1(SpriteLoader.java:123) ~[minecraft-patched-26.1.2.109.jar:?]
	at java.base/java.util.concurrent.CompletableFuture$AsyncSupply.run(CompletableFuture.java:1789) ~[?:?]
	at TRANSFORMER/minecraft@26.1.2/net.minecraft.server.packs.resources.SimpleReloadInstance.lambda$prepareTasks$1(SimpleReloadInstance.java:68) ~[minecraft-patched-26.1.2.109.jar:?]
	at TRANSFORMER/minecraft@26.1.2/net.minecraft.TracingExecutor.lambda$forName$1(TracingExecutor.java:18) ~[minecraft-patched-26.1.2.109.jar:?]
	at java.base/java.util.concurrent.ForkJoinTask$RunnableExecuteAction.compute(ForkJoinTask.java:1750) [?:?]
	at java.base/java.util.concurrent.ForkJoinTask$RunnableExecuteAction.compute(ForkJoinTask.java:1742) [?:?]
	at java.base/java.util.concurrent.ForkJoinTask$InterruptibleTask.exec(ForkJoinTask.java:1659) [?:?]
	at java.base/java.util.concurrent.ForkJoinTask.doExec(ForkJoinTask.java:511) [?:?]
	at java.base/java.util.concurrent.ForkJoinPool$WorkQueue.topLevelExec(ForkJoinPool.java:1450) [?:?]
	at java.base/java.util.concurrent.ForkJoinPool.runWorker(ForkJoinPool.java:2019) [?:?]
	at java.base/java.util.concurrent.ForkJoinWorkerThread.run(ForkJoinWorkerThread.java:187) [?:?]
[209月2026 21:37:41.862] [resourceLoad/ERROR] [net.minecraft.client.renderer.texture.atlas.SpriteResourceLoader/]: Unable to parse metadata from minecraft:block/magma_glow_faint
java.lang.IllegalStateException: zip file closed
	at java.base/java.util.zip.ZipFile.ensureOpen(ZipFile.java:826) ~[?:?]
	at java.base/java.util.zip.ZipFile.getInputStream(ZipFile.java:330) ~[?:?]
	at TRANSFORMER/minecraft@26.1.2/net.minecraft.server.packs.resources.IoSupplier.lambda$create$1(IoSupplier.java:17) ~[minecraft-patched-26.1.2.109.jar:?]
	at TRANSFORMER/minecraft@26.1.2/net.minecraft.server.packs.resources.FallbackResourceManager.parseMetadata(FallbackResourceManager.java:225) ~[minecraft-patched-26.1.2.109.jar:?]
	at TRANSFORMER/minecraft@26.1.2/net.minecraft.server.packs.resources.FallbackResourceManager.lambda$convertToMetadata$0(FallbackResourceManager.java:220) ~[minecraft-patched-26.1.2.109.jar:?]
	at TRANSFORMER/minecraft@26.1.2/net.minecraft.server.packs.resources.Resource.metadata(Resource.java:54) ~[minecraft-patched-26.1.2.109.jar:?]
	at TRANSFORMER/minecraft@26.1.2/net.minecraft.client.renderer.texture.atlas.SpriteResourceLoader.lambda$create$0(SpriteResourceLoader.java:35) ~[minecraft-patched-26.1.2.109.jar:?]
	at TRANSFORMER/minecraft@26.1.2/net.minecraft.client.renderer.texture.atlas.SpriteResourceLoader.loadSprite(SpriteResourceLoader.java:76) ~[minecraft-patched-26.1.2.109.jar:?]
	at TRANSFORMER/minecraft@26.1.2/net.minecraft.client.renderer.texture.atlas.SpriteSource$Output.lambda$add$0(SpriteSource.java:37) ~[minecraft-patched-26.1.2.109.jar:?]
	at TRANSFORMER/minecraft@26.1.2/net.minecraft.client.renderer.texture.SpriteLoader.lambda$runSpriteSuppliers$1(SpriteLoader.java:123) ~[minecraft-patched-26.1.2.109.jar:?]
	at java.base/java.util.concurrent.CompletableFuture$AsyncSupply.run(CompletableFuture.java:1789) ~[?:?]
	at TRANSFORMER/minecraft@26.1.2/net.minecraft.server.packs.resources.SimpleReloadInstance.lambda$prepareTasks$1(SimpleReloadInstance.java:68) ~[minecraft-patched-26.1.2.109.jar:?]
	at TRANSFORMER/minecraft@26.1.2/net.minecraft.TracingExecutor.lambda$forName$1(TracingExecutor.java:18) ~[minecraft-patched-26.1.2.109.jar:?]
	at java.base/java.util.concurrent.ForkJoinTask$RunnableExecuteAction.compute(ForkJoinTask.java:1750) [?:?]
	at java.base/java.util.concurrent.ForkJoinTask$RunnableExecuteAction.compute(ForkJoinTask.java:1742) [?:?]
	at java.base/java.util.concurrent.ForkJoinTask$InterruptibleTask.exec(ForkJoinTask.java:1659) [?:?]
	at java.base/java.util.concurrent.ForkJoinTask.doExec(ForkJoinTask.java:511) [?:?]
	at java.base/java.util.concurrent.ForkJoinPool$WorkQueue.topLevelExec(ForkJoinPool.java:1450) [?:?]
	at java.base/java.util.concurrent.ForkJoinPool.runWorker(ForkJoinPool.java:2019) [?:?]
	at java.base/java.util.concurrent.ForkJoinWorkerThread.run(ForkJoinWorkerThread.java:187) [?:?]
[209月2026 21:37:41.860] [resourceLoad/ERROR] [net.minecraft.client.renderer.texture.atlas.SpriteResourceLoader/]: Unable to parse metadata from minecraft:block/magma_glow
java.lang.IllegalStateException: zip file closed
	at java.base/java.util.zip.ZipFile.ensureOpen(ZipFile.java:826) ~[?:?]
	at java.base/java.util.zip.ZipFile.getInputStream(ZipFile.java:330) ~[?:?]
	at TRANSFORMER/minecraft@26.1.2/net.minecraft.server.packs.resources.IoSupplier.lambda$create$1(IoSupplier.java:17) ~[minecraft-patched-26.1.2.109.jar:?]
	at TRANSFORMER/minecraft@26.1.2/net.minecraft.server.packs.resources.FallbackResourceManager.parseMetadata(FallbackResourceManager.java:225) ~[minecraft-patched-26.1.2.109.jar:?]
	at TRANSFORMER/minecraft@26.1.2/net.minecraft.server.packs.resources.FallbackResourceManager.lambda$convertToMetadata$0(FallbackResourceManager.java:220) ~[minecraft-patched-26.1.2.109.jar:?]
	at TRANSFORMER/minecraft@26.1.2/net.minecraft.server.packs.resources.Resource.metadata(Resource.java:54) ~[minecraft-patched-26.1.2.109.jar:?]
	at TRANSFORMER/minecraft@26.1.2/net.minecraft.client.renderer.texture.atlas.SpriteResourceLoader.lambda$create$0(SpriteResourceLoader.java:35) ~[minecraft-patched-26.1.2.109.jar:?]
	at TRANSFORMER/minecraft@26.1.2/net.minecraft.client.renderer.texture.atlas.SpriteResourceLoader.loadSprite(SpriteResourceLoader.java:76) ~[minecraft-patched-26.1.2.109.jar:?]
	at TRANSFORMER/minecraft@26.1.2/net.minecraft.client.renderer.texture.atlas.SpriteSource$Output.lambda$add$0(SpriteSource.java:37) ~[minecraft-patched-26.1.2.109.jar:?]
	at TRANSFORMER/minecraft@26.1.2/net.minecraft.client.renderer.texture.SpriteLoader.lambda$runSpriteSuppliers$1(SpriteLoader.java:123) ~[minecraft-patched-26.1.2.109.jar:?]
	at java.base/java.util.concurrent.CompletableFuture$AsyncSupply.run(CompletableFuture.java:1789) ~[?:?]
	at TRANSFORMER/minecraft@26.1.2/net.minecraft.server.packs.resources.SimpleReloadInstance.lambda$prepareTasks$1(SimpleReloadInstance.java:68) ~[minecraft-patched-26.1.2.109.jar:?]
	at TRANSFORMER/minecraft@26.1.2/net.minecraft.TracingExecutor.lambda$forName$1(TracingExecutor.java:18) ~[minecraft-patched-26.1.2.109.jar:?]
	at java.base/java.util.concurrent.ForkJoinTask$RunnableExecuteAction.compute(ForkJoinTask.java:1750) [?:?]
	at java.base/java.util.concurrent.ForkJoinTask$RunnableExecuteAction.compute(ForkJoinTask.java:1742) [?:?]
	at java.base/java.util.concurrent.ForkJoinTask$InterruptibleTask.exec(ForkJoinTask.java:1659) [?:?]
	at java.base/java.util.concurrent.ForkJoinTask.doExec(ForkJoinTask.java:511) [?:?]
	at java.base/java.util.concurrent.ForkJoinPool$WorkQueue.topLevelExec(ForkJoinPool.java:1450) [?:?]
	at java.base/java.util.concurrent.ForkJoinPool.runWorker(ForkJoinPool.java:2019) [?:?]
	at java.base/java.util.concurrent.ForkJoinWorkerThread.run(ForkJoinWorkerThread.java:187) [?:?]
